bodyId,class,type,instance,somaSide
10013,MBON,MBON01,MBON01(y5B'2a)_R,R
10079,MBON,MBON06,MBON06(B1>a)_R,R
10267,MBON,MBON14,MBON14(a3)_R,R
10399,DAN,PPL202,PPL202_R,R
10495,MBON,MBON05,MBON05(y4>y1y2)_R,R
10599,MBON,MBON35,MBON35(y2)_L,L
10704,MBON,MBON11,MBON11(y1pedc>a/B)_L,L
10753,DAN,PPL201,PPL201_L,L
10804,MBON,MBON20,MBON20(y1y2)_R,R
10816,MBON,MBON31,MBON31(a'1a)_L,L
10826,MBON,MBON21,MBON21(y4y5)_L,L
11145,MBON,MBON20,MBON20(y1y2)_L,L
11176,MBON,MBON26,MBON26(b'2d)_R,R
11327,DAN,PPL101,PPL101(y1ped)_R,R
11402,MBON,MBON11,MBON11(y1pedc>a/B)_R,R
11455,MBON,MBON32,MBON32(y2)_L,L
11560,DAN,PPL201,PPL201_R,R
11618,DAN,PPL102,PPL102(y1)_L,L
11752,DAN,PPL103,PPL103(y2a'1)_L,L
11777,MBON,MBON15,MBON15(a'1)_R,R
11785,MBON,MBON33,MBON33(y2y3)_L,L
11805,MBON,MBON31,MBON31(a'1a)_R,R
11862,Kenyon_Cell,KCab-s,KCab-s_L,L
11873,MBON,MBON14,MBON14(a3)_L,L
11900,DAN,PPL101,PPL101(y1ped)_L,L
11990,MBON,MBON22,MBON22(calyx)_R,R
12690,MBON,MBON06,MBON06(B1>a)_L,L
12726,MBON,MBON13,MBON13(a'2)_L,L
12859,MBON,MBON07,MBON07(a1)_R,R
12902,DAN,PPL108,PPL108_R,R
12918,MBON,MBON22,MBON22(calyx)_L,L
13173,Kenyon_Cell,KCab-c,KCab-c_R,R
13259,DAN,PPL202,PPL202_L,L
13312,DAN,PPL203,PPL203_L,L
13428,DAN,PPL102,PPL102(y1)_R,R
13728,MBON,MBON12,MBON12(y2a'1)_L,L
13768,MBON,MBON12,MBON12(y2a'1)_L,L
14182,DAN,PPL103,PPL103(y2a'1)_R,R
14221,MBON,MBON18,MBON18(a2sc)_R,R
14225,DAN,PPL105,PPL105(a'2a2)_R,R
14292,Kenyon_Cell,KCg-m,KCg-m_R,R
14705,DAN,PPL107,PPL107_R,R
15103,Kenyon_Cell,KCg-m,KCg-m_R,R
15310,DAN,PPL108,PPL108_L,L
15626,MBON,MBON07,MBON07(a1)_L,L
15693,DAN,PPL203,PPL203_R,R
15708,MBON,MBON24,MBON24(B2y5)_R,R
17488,Kenyon_Cell,KCa'b'-ap2,KCa'b'-ap2_R,R
17946,MBON,MBON14,MBON14(a3)_R,R
18031,Kenyon_Cell,KCa'b'-ap2,KCa'b'-ap2_R,R
18406,MBON,MBON24,MBON24(B2y5)_L,L
18540,Kenyon_Cell,KCg-s1,KCg-s1_R,R
18603,MBON,MBON07,MBON07(a1)_L,L
18713,MBON,MBON09,MBON09(y3B'1)_L,L
19083,Kenyon_Cell,KCg-m,KCg-m_L,L
19102,Kenyon_Cell,KCg-d,KCg-d_R,R
19267,MBON,MBON09,MBON09(y3B'1)_L,L
19366,MBON,MBON14,MBON14(a3)_L,L
19788,Kenyon_Cell,KCg-d,KCg-d_L,L
20322,Kenyon_Cell,KCa'b'-ap2,KCa'b'-ap2_R,R
20773,Kenyon_Cell,KCg-m,KCg-m_R,R
20835,MBON,MBON23,MBON23(a2sp)_R,R
21145,DAN,PPL104,PPL104(a'3)_R,R
21242,MBON,MBON09,MBON09(y3B'1)_R,R
21778,Kenyon_Cell,KCg-s1,KCg-s1_L,L
21879,Kenyon_Cell,KCg-m,KCg-m_R,R
22031,Kenyon_Cell,KCg-m,KCg-m_R,R
22533,Kenyon_Cell,KCg-m,KCg-m_R,R
22995,Kenyon_Cell,KCa'b'-ap2,KCa'b'-ap2_R,R
23037,Kenyon_Cell,KCab-s,KCab-s_R,R
23166,Kenyon_Cell,KCg-m,KCg-m_R,R
24146,Kenyon_Cell,KCg-s2,KCg-s2_L,L
24204,Kenyon_Cell,KCg-m,KCg-m_R,R
24695,Kenyon_Cell,KCab-m,KCab-m_R,R
24959,Kenyon_Cell,KCg-m,KCg-m_R,R
25017,Kenyon_Cell,KCg-m,KCg-m_R,R
25030,Kenyon_Cell,KCg-s2,KCg-s2_R,R
25631,Kenyon_Cell,KCa'b'-ap1,KCa'b'-ap1_R,R
25879,Kenyon_Cell,KCab-m,KCab-m_R,R
26485,MBON,MBON28,MBON28(a'3a)_R,R
26792,Kenyon_Cell,KCg-m,KCg-m_R,R
26853,MBON,MBON19,MBON19(a2p3p)_R,R
27583,Kenyon_Cell,KCg-m,KCg-m_R,R
28196,Kenyon_Cell,KCa'b'-ap1,KCa'b'-ap1_L,L
28434,DAN,PAM10,PAM10(B1)_R,R
28516,Kenyon_Cell,KCa'b'-ap1,KCa'b'-ap1_L,L
28622,MBON,MBON28,MBON28(a'3a)_L,L
28631,Kenyon_Cell,KCg-m,KCg-m_R,R
28848,Kenyon_Cell,KCg-d,KCg-d_L,L
29471,Kenyon_Cell,KCab-m,KCab-m_R,R
29565,DAN,PAM10,PAM10(B1)_R,R
29728,Kenyon_Cell,KCg-m,KCg-m_R,R
30397,Kenyon_Cell,KCg-d,KCg-d_R,R
31016,MBON,MBON17,MBON17(a'3m)_L,L
31083,MBON,MBON15-like,MBON15-like(a'1a'2)_L,L
31720,Kenyon_Cell,KCg-m,KCg-m_R,R
32035,Kenyon_Cell,KCg-m,KCg-m_R,R
32386,Kenyon_Cell,KCa'b'-ap1,KCa'b'-ap1_L,L
32683,Kenyon_Cell,KCg-d,KCg-d_L,L
32865,DAN,PAM10,PAM10(B1)_L,L
33086,Kenyon_Cell,KCa'b'-ap2,KCa'b'-ap2_L,L
33316,DAN,PPL204,PPL204_L,L
33617,MBON,MBON19,MBON19(a2p3p)_R,R
33673,Kenyon_Cell,KCa'b'-ap1,KCa'b'-ap1_L,L
33808,Kenyon_Cell,KCg-m,KCg-m_L,L
34130,Kenyon_Cell,KCg-m,KCg-m_R,R
34870,Kenyon_Cell,KCab-p,KCab-p_R,R
34908,Kenyon_Cell,KCg-m,KCg-m_R,R
35073,Kenyon_Cell,KCa'b'-ap2,KCa'b'-ap2_L,L
35180,Kenyon_Cell,KCg-d,KCg-d_R,R
35489,Kenyon_Cell,KCa'b'-ap1,KCa'b'-ap1_L,L
35668,Kenyon_Cell,KCa'b'-ap1,KCa'b'-ap1_L,L
35736,Kenyon_Cell,KCa'b'-m,KCa'b'-m_R,R
35775,Kenyon_Cell,KCa'b'-ap2,KCa'b'-ap2_R,R
36007,Kenyon_Cell,KCa'b'-ap1,KCa'b'-ap1_L,L
36043,Kenyon_Cell,KCa'b'-ap2,KCa'b'-ap2_L,L
36094,MBON,MBON19,MBON19(a2p3p)_L,L
36119,Kenyon_Cell,KCa'b'-ap1,KCa'b'-ap1_R,R
36251,Kenyon_Cell,KCg-m,KCg-m_R,R
36376,Kenyon_Cell,KCa'b'-ap2,KCa'b'-ap2_L,L
36378,Kenyon_Cell,KCg-m,KCg-m_R,R
36482,Kenyon_Cell,KCab-c,KCab-c_R,R
36624,DAN,PAM10,PAM10(B1)_R,R
36713,Kenyon_Cell,KCa'b'-ap1,KCa'b'-ap1_R,R
36723,Kenyon_Cell,KCg-d,KCg-d_R,R
36839,Kenyon_Cell,KCg-m,KCg-m_R,R
37043,Kenyon_Cell,KCa'b'-ap1,KCa'b'-ap1_L,L
37293,Kenyon_Cell,KCa'b'-ap1,KCa'b'-ap1_R,R
37311,Kenyon_Cell,KCg-m,KCg-m_R,R
37432,Kenyon_Cell,KCg-m,KCg-m_R,R
37720,Kenyon_Cell,KCab-s,KCab-s_R,R
37845,DAN,PAM04,PAM04(B2)_R,R
37860,Kenyon_Cell,KCa'b'-ap2,KCa'b'-ap2_R,R
37904,Kenyon_Cell,KCa'b'-ap1,KCa'b'-ap1_R,R
37916,Kenyon_Cell,KCg-m,KCg-m_L,L
38113,Kenyon_Cell,KCg-m,KCg-m_L,L
38121,Kenyon_Cell,KCa'b'-ap1,KCa'b'-ap1_R,R
38528,Kenyon_Cell,KCa'b'-ap1,KCa'b'-ap1_R,R
38549,Kenyon_Cell,KCg-m,KCg-m_L,L
38657,Kenyon_Cell,KCg-d,KCg-d_R,R
38684,Kenyon_Cell,KCa'b'-ap1,KCa'b'-ap1_L,L
38746,Kenyon_Cell,KCa'b'-ap2,KCa'b'-ap2_L,L
38774,Kenyon_Cell,KCa'b'-ap1,KCa'b'-ap1_R,R
38853,MBON,MBON15,MBON15(a'1)_L,L
38859,MBON,MBON15-like,MBON15-like(a'1a'2)_L,L
38934,Kenyon_Cell,KCa'b'-ap2,KCa'b'-ap2_R,R
38962,Kenyon_Cell,KCg-m,KCg-m_L,L
38967,Kenyon_Cell,KCg-m,KCg-m_R,R
39205,Kenyon_Cell,KCa'b'-ap1,KCa'b'-ap1_R,R
39316,Kenyon_Cell,KCg-d,KCg-d_R,R
39456,Kenyon_Cell,KCa'b'-ap2,KCa'b'-ap2_L,L
39531,Kenyon_Cell,KCg-m,KCg-m_L,L
39569,Kenyon_Cell,KCg-m,KCg-m_R,R
39608,MBON,MBON10,MBON10(B'1)_L,L
39617,DAN,PAM07,PAM07(y4<y1y2)_L,L
39655,Kenyon_Cell,KCa'b'-ap1,KCa'b'-ap1_R,R
39771,Kenyon_Cell,KCg-d,KCg-d_R,R
39909,Kenyon_Cell,KCg-m,KCg-m_R,R
40027,Kenyon_Cell,KCg-d,KCg-d_L,L
40066,Kenyon_Cell,KCa'b'-ap2,KCa'b'-ap2_R,R
40327,Kenyon_Cell,KCg-m,KCg-m_R,R
40376,Kenyon_Cell,KCg-m,KCg-m_R,R
40602,Kenyon_Cell,KCg-m,KCg-m_R,R
40615,Kenyon_Cell,KCa'b'-ap1,KCa'b'-ap1_R,R
40788,Kenyon_Cell,KCa'b'-ap2,KCa'b'-ap2_R,R
40821,Kenyon_Cell,KCg,KCg_L,L
40921,Kenyon_Cell,KCg-m,KCg-m_R,R
41131,Kenyon_Cell,KCg-m,KCg-m_L,L
41134,Kenyon_Cell,KCg-d,KCg-d_R,R
41150,Kenyon_Cell,KCg-m,KCg-m_R,R
41232,Kenyon_Cell,KCg-m,KCg-m_R,R
41295,Kenyon_Cell,KCg-m,KCg-m_R,R
41378,Kenyon_Cell,KCg-m,KCg-m_R,R
41406,Kenyon_Cell,KCab-c,KCab-c_R,R
41480,Kenyon_Cell,KCa'b'-m,KCa'b'-m_L,L
41509,Kenyon_Cell,KCa'b'-ap2,KCa'b'-ap2_L,L
41555,Kenyon_Cell,KCa'b'-ap1,KCa'b'-ap1_L,L
41602,Kenyon_Cell,KCa'b'-ap1,KCa'b'-ap1_L,L
41645,Kenyon_Cell,KCa'b'-ap2,KCa'b'-ap2_R,R
41692,MBON,MBON17,MBON17(a'3m)_R,R
41787,Kenyon_Cell,KCg-m,KCg-m_R,R
41793,Kenyon_Cell,KCa'b'-ap2,KCa'b'-ap2_L,L
41807,Kenyon_Cell,KCg-m,KCg-m_R,R
41891,Kenyon_Cell,KCg-m,KCg-m_R,R
41899,Kenyon_Cell,KCa'b'-ap2,KCa'b'-ap2_R,R
41920,Kenyon_Cell,KCg-m,KCg-m_L,L
41968,Kenyon_Cell,KCa'b'-ap1,KCa'b'-ap1_R,R
42111,Kenyon_Cell,KCa'b'-ap1,KCa'b'-ap1_L,L
42115,Kenyon_Cell,KCa'b'-ap1,KCa'b'-ap1_L,L
42131,Kenyon_Cell,KCa'b'-ap1,KCa'b'-ap1_L,L
42140,Kenyon_Cell,KCg-m,KCg-m_L,L
42182,Kenyon_Cell,KCa'b'-ap2,KCa'b'-ap2_R,R
42185,Kenyon_Cell,KCab-p,KCab-p_R,R
42216,Kenyon_Cell,KCg-m,KCg-m_R,R
42260,Kenyon_Cell,KCa'b'-ap1,KCa'b'-ap1_R,R
42370,Kenyon_Cell,KCg-d,KCg-d_R,R
42409,Kenyon_Cell,KCa'b'-ap1,KCa'b'-ap1_L,L
42425,Kenyon_Cell,KCg-m,KCg-m_R,R
42582,Kenyon_Cell,KCab-s,KCab-s_R,R
42597,Kenyon_Cell,KCa'b'-ap1,KCa'b'-ap1_L,L
42744,Kenyon_Cell,KCg-m,KCg-m_L,L
42813,Kenyon_Cell,KCa'b'-m,KCa'b'-m_R,R
42908,Kenyon_Cell,KCg-m,KCg-m_R,R
42969,Kenyon_Cell,KCg-d,KCg-d_R,R
43228,Kenyon_Cell,KCa'b'-ap2,KCa'b'-ap2_L,L
43246,Kenyon_Cell,KCa'b'-ap1,KCa'b'-ap1_L,L
43321,Kenyon_Cell,KCab-m,KCab-m_R,R
43351,Kenyon_Cell,KCa'b'-ap1,KCa'b'-ap1_L,L
43354,Kenyon_Cell,KCg-m,KCg-m_L,L
43358,Kenyon_Cell,KCa'b'-ap1,KCa'b'-ap1_R,R
43379,Kenyon_Cell,KCa'b'-m,KCa'b'-m_L,L
43380,Kenyon_Cell,KCg-m,KCg-m_R,R
43462,Kenyon_Cell,KCa'b'-ap1,KCa'b'-ap1_R,R
43474,Kenyon_Cell,KCab-m,KCab-m_R,R
43580,Kenyon_Cell,KCa'b'-ap2,KCa'b'-ap2_L,L
43597,Kenyon_Cell,KCg-m,KCg-m_R,R
43616,Kenyon_Cell,KCg-m,KCg-m_R,R
43639,Kenyon_Cell,KCg-m,KCg-m_L,L
43658,Kenyon_Cell,KCg-m,KCg-m_R,R
43775,Kenyon_Cell,KCg-m,KCg-m_R,R
43811,Kenyon_Cell,KCg-m,KCg-m_L,L
43850,Kenyon_Cell,KCg-m,KCg-m_R,R
43856,Kenyon_Cell,KCa'b'-ap2,KCa'b'-ap2_L,L
43867,Kenyon_Cell,KCg-d,KCg-d_R,R
43876,Kenyon_Cell,KCg-m,KCg-m_R,R
43889,Kenyon_Cell,KCa'b'-ap2,KCa'b'-ap2_R,R
43899,Kenyon_Cell,KCa'b'-ap1,KCa'b'-ap1_R,R
43980,Kenyon_Cell,KCg-m,KCg-m_R,R
44024,Kenyon_Cell,KCg-m,KCg-m_R,R
44035,Kenyon_Cell,KCa'b'-ap1,KCa'b'-ap1_L,L
44054,Kenyon_Cell,KCg-m,KCg-m_R,R
44069,Kenyon_Cell,KCg-d,KCg-d_L,L
44082,Kenyon_Cell,KCg-m,KCg-m_R,R
44179,Kenyon_Cell,KCa'b'-ap2,KCa'b'-ap2_R,R
44260,Kenyon_Cell,KCg-m,KCg-m_L,L
44314,Kenyon_Cell,KCa'b'-ap2,KCa'b'-ap2_R,R
44485,Kenyon_Cell,KCg-d,KCg-d_R,R
44551,Kenyon_Cell,KCa'b'-ap2,KCa'b'-ap2_L,L
44557,Kenyon_Cell,KCa'b'-m,KCa'b'-m_R,R
44619,MBON,MBON15-like,MBON15-like(a'1a'2)_R,R
44647,Kenyon_Cell,KCa'b'-ap1,KCa'b'-ap1_L,L
44682,Kenyon_Cell,KCg-m,KCg-m_L,L
44748,Kenyon_Cell,KCa'b'-ap2,KCa'b'-ap2_R,R
44766,Kenyon_Cell,KCg-m,KCg-m_R,R
44820,Kenyon_Cell,KCa'b'-ap1,KCa'b'-ap1_L,L
44840,Kenyon_Cell,KCg-m,KCg-m_R,R
44848,Kenyon_Cell,KCa'b'-ap1,KCa'b'-ap1_L,L
44850,Kenyon_Cell,KCg-s3,KCg-s3_L,L
44940,Kenyon_Cell,KCg-m,KCg-m_R,R
44948,Kenyon_Cell,KCg-d,KCg-d_R,R
45016,Kenyon_Cell,KCg-m,KCg-m_R,R
45032,Kenyon_Cell,KCab-s,KCab-s_R,R
45060,Kenyon_Cell,KCg-m,KCg-m_R,R
45066,Kenyon_Cell,KCa'b'-ap2,KCa'b'-ap2_L,L
45183,Kenyon_Cell,KCg-m,KCg-m_R,R
45199,Kenyon_Cell,KCg-m,KCg-m_L,L
45259,Kenyon_Cell,KCg-m,KCg-m_L,L
45266,Kenyon_Cell,KCa'b'-ap2,KCa'b'-ap2_L,L
45380,Kenyon_Cell,KCg-m,KCg-m_L,L
45388,Kenyon_Cell,KCa'b'-ap1,KCa'b'-ap1_R,R
45392,Kenyon_Cell,KCg-m,KCg-m_R,R
45434,Kenyon_Cell,KCg-m,KCg-m_L,L
45460,Kenyon_Cell,KCg-m,KCg-m_L,L
45467,Kenyon_Cell,KCg-m,KCg-m_L,L
45512,Kenyon_Cell,KCg-m,KCg-m_R,R
45529,Kenyon_Cell,KCab-s,KCab-s_R,R
45553,Kenyon_Cell,KCg-m,KCg-m_R,R
45563,Kenyon_Cell,KCg-m,KCg-m_R,R
45612,Kenyon_Cell,KCg-m,KCg-m_R,R
45620,Kenyon_Cell,KCg-m,KCg-m_L,L
45663,Kenyon_Cell,KCg-m,KCg-m_R,R
45721,Kenyon_Cell,KCab-s,KCab-s_R,R
45736,Kenyon_Cell,KCg-m,KCg-m_R,R
45761,Kenyon_Cell,KCg-m,KCg-m_R,R
45807,Kenyon_Cell,KCa'b'-m,KCa'b'-m_L,L
45881,Kenyon_Cell,KCg-m,KCg-m_R,R
45950,Kenyon_Cell,KCg-m,KCg-m_L,L
46056,Kenyon_Cell,KCa'b'-ap2,KCa'b'-ap2_R,R
46118,Kenyon_Cell,KCa'b'-ap1,KCa'b'-ap1_R,R
46195,Kenyon_Cell,KCg-m,KCg-m_R,R
46196,Kenyon_Cell,KCg-d,KCg-d_R,R
46266,Kenyon_Cell,KCg-m,KCg-m_R,R
46287,Kenyon_Cell,KCg-m,KCg-m_R,R
46398,Kenyon_Cell,KCab-p,KCab-p_R,R
46400,Kenyon_Cell,KCa'b'-ap2,KCa'b'-ap2_L,L
46425,Kenyon_Cell,KCa'b'-m,KCa'b'-m_R,R
46457,Kenyon_Cell,KCg-m,KCg-m_R,R
46463,Kenyon_Cell,KCg-m,KCg-m_R,R
46475,Kenyon_Cell,KCg-m,KCg-m_R,R
46497,Kenyon_Cell,KCg-m,KCg-m_L,L
46566,Kenyon_Cell,KCa'b'-ap2,KCa'b'-ap2_L,L
46592,Kenyon_Cell,KCab-s,KCab-s_R,R
46631,Kenyon_Cell,KCa'b'-ap1,KCa'b'-ap1_L,L
46670,Kenyon_Cell,KCg-m,KCg-m_R,R
46794,DAN,PAM04,PAM04(B2)_R,R
46806,Kenyon_Cell,KCa'b'-ap1,KCa'b'-ap1_L,L
46991,Kenyon_Cell,KCg-m,KCg-m_R,R
47026,Kenyon_Cell,KCg-m,KCg-m_R,R
47074,Kenyon_Cell,KCa'b'-ap1,KCa'b'-ap1_L,L
47101,Kenyon_Cell,KCg-m,KCg-m_L,L
47117,Kenyon_Cell,KCg-m,KCg-m_L,L
47181,Kenyon_Cell,KCg-d,KCg-d_L,L
47193,Kenyon_Cell,KCab-s,KCab-s_L,L
47196,DAN,PAM07,PAM07(y4<y1y2)_R,R
47203,Kenyon_Cell,KCa'b'-m,KCa'b'-m_L,L
47287,Kenyon_Cell,KCg-m,KCg-m_L,L
47301,Kenyon_Cell,KCa'b'-ap1,KCa'b'-ap1_L,L
47354,Kenyon_Cell,KCg-d,KCg-d_R,R
47380,Kenyon_Cell,KCg-m,KCg-m_R,R
47391,Kenyon_Cell,KCa'b'-ap2,KCa'b'-ap2_L,L
47401,Kenyon_Cell,KCa'b'-m,KCa'b'-m_L,L
47435,Kenyon_Cell,KCa'b'-ap1,KCa'b'-ap1_R,R
47441,Kenyon_Cell,KCg-m,KCg-m_R,R
47446,Kenyon_Cell,KCg-m,KCg-m_R,R
47551,MBON,MBON19,MBON19(a2p3p)_L,L
47567,Kenyon_Cell,KCg-d,KCg-d_L,L
47630,Kenyon_Cell,KCa'b'-ap2,KCa'b'-ap2_R,R
47694,Kenyon_Cell,KCg-m,KCg-m_L,L
47732,Kenyon_Cell,KCa'b'-ap1,KCa'b'-ap1_R,R
47737,Kenyon_Cell,KCa'b'-ap1,KCa'b'-ap1_R,R
47758,Kenyon_Cell,KCg-m,KCg-m_L,L
47771,Kenyon_Cell,KCa'b'-ap2,KCa'b'-ap2_L,L
47779,Kenyon_Cell,KCg-m,KCg-m_R,R
47793,Kenyon_Cell,KCa'b'-m,KCa'b'-m_R,R
47834,Kenyon_Cell,KCa'b'-ap1,KCa'b'-ap1_R,R
47847,Kenyon_Cell,KCg-d,KCg-d_R,R
47858,Kenyon_Cell,KCg-m,KCg-m_R,R
47901,Kenyon_Cell,KCg-m,KCg-m_R,R
47984,Kenyon_Cell,KCg-m,KCg-m_R,R
47988,Kenyon_Cell,KCg-m,KCg-m_L,L
47997,Kenyon_Cell,KCg-m,KCg-m_R,R
48009,Kenyon_Cell,KCa'b'-ap2,KCa'b'-ap2_R,R
48021,Kenyon_Cell,KCg-m,KCg-m_R,R
48030,Kenyon_Cell,KCab-s,KCab-s_L,L
48032,Kenyon_Cell,KCa'b'-ap2,KCa'b'-ap2_L,L
48034,Kenyon_Cell,KCa'b'-ap2,KCa'b'-ap2_L,L
48100,Kenyon_Cell,KCa'b'-ap2,KCa'b'-ap2_L,L
48111,Kenyon_Cell,KCg-m,KCg-m_R,R
48113,DAN,PAM10,PAM10(B1)_L,L
48122,Kenyon_Cell,KCg-d,KCg-d_L,L
48147,Kenyon_Cell,KCg-d,KCg-d_R,R
48174,Kenyon_Cell,KCa'b'-ap1,KCa'b'-ap1_R,R
48219,Kenyon_Cell,KCab-p,KCab-p_R,R
48309,Kenyon_Cell,KCg-m,KCg-m_R,R
48313,Kenyon_Cell,KCg-m,KCg-m_R,R
48337,Kenyon_Cell,KCg-m,KCg-m_L,L
48347,Kenyon_Cell,KCg-m,KCg-m_R,R
48438,Kenyon_Cell,KCg-d,KCg-d_R,R
48443,Kenyon_Cell,KCa'b'-ap1,KCa'b'-ap1_R,R
48502,Kenyon_Cell,KCa'b'-ap2,KCa'b'-ap2_L,L
48515,Kenyon_Cell,KCg-m,KCg-m_R,R
48517,Kenyon_Cell,KCa'b'-ap1,KCa'b'-ap1_R,R
48533,Kenyon_Cell,KCg-d,KCg-d_R,R
48596,Kenyon_Cell,KCg-m,KCg-m_L,L
48632,Kenyon_Cell,KCg-d,KCg-d_R,R
48641,Kenyon_Cell,KCg-d,KCg-d_R,R
48729,Kenyon_Cell,KCa'b'-ap1,KCa'b'-ap1_R,R
48759,Kenyon_Cell,KCg-m,KCg-m_L,L
48779,Kenyon_Cell,KCa'b'-ap2,KCa'b'-ap2_R,R
48829,Kenyon_Cell,KCa'b'-ap1,KCa'b'-ap1_R,R
48886,Kenyon_Cell,KCg-m,KCg-m_R,R
48904,Kenyon_Cell,KCg-m,KCg-m_R,R
48912,Kenyon_Cell,KCa'b'-ap2,KCa'b'-ap2_R,R
48975,Kenyon_Cell,KCg-m,KCg-m_R,R
48978,Kenyon_Cell,KCg-d,KCg-d_R,R
49019,Kenyon_Cell,KCg-m,KCg-m_R,R
49022,Kenyon_Cell,KCa'b'-ap1,KCa'b'-ap1_L,L
49043,DAN,PAM07,PAM07(y4<y1y2)_R,R
49052,Kenyon_Cell,KCg-d,KCg-d_R,R
49073,Kenyon_Cell,KCg-m,KCg-m_R,R
49124,Kenyon_Cell,KCg-m,KCg-m_L,L
49160,Kenyon_Cell,KCg-m,KCg-m_L,L
49254,Kenyon_Cell,KCg-m,KCg-m_R,R
49262,MBON,MBON10,MBON10(B'1)_R,R
49279,Kenyon_Cell,KCg-m,KCg-m_R,R
49345,Kenyon_Cell,KCg-d,KCg-d_R,R
49354,Kenyon_Cell,KCab-c,KCab-c_R,R
49363,Kenyon_Cell,KCa'b'-ap2,KCa'b'-ap2_L,L
49365,Kenyon_Cell,KCab-s,KCab-s_R,R
49394,Kenyon_Cell,KCa'b'-ap2,KCa'b'-ap2_L,L
49420,Kenyon_Cell,KCa'b'-m,KCa'b'-m_L,L
49450,Kenyon_Cell,KCa'b'-ap2,KCa'b'-ap2_L,L
49480,Kenyon_Cell,KCa'b'-ap1,KCa'b'-ap1_L,L
49526,Kenyon_Cell,KCg-m,KCg-m_L,L
49535,Kenyon_Cell,KCa'b'-ap2,KCa'b'-ap2_L,L
49544,Kenyon_Cell,KCg-m,KCg-m_L,L
49545,Kenyon_Cell,KCg-m,KCg-m_L,L
49569,Kenyon_Cell,KCg-m,KCg-m_R,R
49594,Kenyon_Cell,KCab-s,KCab-s_R,R
49632,Kenyon_Cell,KCg-m,KCg-m_R,R
49661,Kenyon_Cell,KCa'b'-ap1,KCa'b'-ap1_R,R
49687,Kenyon_Cell,KCg-m,KCg-m_R,R
49709,Kenyon_Cell,KCg-d,KCg-d_R,R
49710,Kenyon_Cell,KCg-d,KCg-d_R,R
49750,Kenyon_Cell,KCa'b'-ap2,KCa'b'-ap2_R,R
49752,Kenyon_Cell,KCg-m,KCg-m_R,R
49774,Kenyon_Cell,KCa'b'-m,KCa'b'-m_R,R
49805,Kenyon_Cell,KCg-m,KCg-m_R,R
49867,Kenyon_Cell,KCg-m,KCg-m_L,L
49899,Kenyon_Cell,KCa'b'-m,KCa'b'-m_R,R
49903,Kenyon_Cell,KCg-m,KCg-m_R,R
49950,Kenyon_Cell,KCa'b'-m,KCa'b'-m_L,L
49978,Kenyon_Cell,KCa'b'-ap1,KCa'b'-ap1_R,R
49987,Kenyon_Cell,KCg-m,KCg-m_R,R
50035,Kenyon_Cell,KCg-m,KCg-m_R,R
50057,Kenyon_Cell,KCa'b'-ap1,KCa'b'-ap1_R,R
50065,Kenyon_Cell,KCa'b'-ap1,KCa'b'-ap1_R,R
50122,Kenyon_Cell,KCa'b'-ap2,KCa'b'-ap2_L,L
50123,Kenyon_Cell,KCab-s,KCab-s_R,R
50185,Kenyon_Cell,KCg-m,KCg-m_R,R
50256,Kenyon_Cell,KCg-m,KCg-m_R,R
50291,Kenyon_Cell,KCg-m,KCg-m_R,R
50304,Kenyon_Cell,KCg-m,KCg-m_R,R
50411,Kenyon_Cell,KCg-m,KCg-m_L,L
50427,Kenyon_Cell,KCab-s,KCab-s_R,R
50454,Kenyon_Cell,KCa'b'-m,KCa'b'-m_R,R
50471,Kenyon_Cell,KCa'b'-ap1,KCa'b'-ap1_L,L
50568,Kenyon_Cell,KCg-m,KCg-m_L,L
50582,Kenyon_Cell,KCg-d,KCg-d_R,R
50591,Kenyon_Cell,KCg-m,KCg-m_L,L
50659,Kenyon_Cell,KCab-c,KCab-c_R,R
50698,Kenyon_Cell,KCa'b'-ap2,KCa'b'-ap2_L,L
50705,Kenyon_Cell,KCa'b'-ap2,KCa'b'-ap2_L,L
50712,Kenyon_Cell,KCa'b'-ap1,KCa'b'-ap1_L,L
50744,Kenyon_Cell,KCg-m,KCg-m_R,R
50746,Kenyon_Cell,KCa'b'-ap1,KCa'b'-ap1_R,R
50776,Kenyon_Cell,KCab-s,KCab-s_R,R
50791,Kenyon_Cell,KCg-m,KCg-m_L,L
50820,Kenyon_Cell,KCg-m,KCg-m_L,L
50839,Kenyon_Cell,KCg-m,KCg-m_R,R
50933,Kenyon_Cell,KCg-d,KCg-d_L,L
51010,Kenyon_Cell,KCa'b'-ap1,KCa'b'-ap1_R,R
51053,Kenyon_Cell,KCg-m,KCg-m_L,L
51054,Kenyon_Cell,KCa'b'-ap2,KCa'b'-ap2_R,R
51055,Kenyon_Cell,KCg-m,KCg-m_L,L
51093,Kenyon_Cell,KCg-m,KCg-m_R,R
51095,Kenyon_Cell,KCg-m,KCg-m_R,R
51113,Kenyon_Cell,KCg-m,KCg-m_R,R
51121,Kenyon_Cell,KCg-m,KCg-m_R,R
51195,Kenyon_Cell,KCg-m,KCg-m_R,R
51254,Kenyon_Cell,KCa'b'-ap2,KCa'b'-ap2_R,R
51318,Kenyon_Cell,KCa'b'-ap2,KCa'b'-ap2_R,R
51330,Kenyon_Cell,KCg-m,KCg-m_L,L
51334,Kenyon_Cell,KCa'b'-ap1,KCa'b'-ap1_L,L
51354,Kenyon_Cell,KCg-m,KCg-m_R,R
51383,Kenyon_Cell,KCa'b'-ap1,KCa'b'-ap1_R,R
51391,Kenyon_Cell,KCg-m,KCg-m_R,R
51394,Kenyon_Cell,KCab-p,KCab-p_R,R
51408,Kenyon_Cell,KCg-m,KCg-m_R,R
51428,Kenyon_Cell,KCg-m,KCg-m_R,R
51430,Kenyon_Cell,KCg-m,KCg-m_R,R
51459,Kenyon_Cell,KCg-m,KCg-m_L,L
51516,Kenyon_Cell,KCg-m,KCg-m_R,R
51535,Kenyon_Cell,KCg-m,KCg-m_L,L
51538,Kenyon_Cell,KCa'b'-ap1,KCa'b'-ap1_L,L
51552,Kenyon_Cell,KCg-m,KCg-m_L,L
51553,Kenyon_Cell,KCg-m,KCg-m_L,L
51556,Kenyon_Cell,KCa'b'-ap1,KCa'b'-ap1_R,R
51583,Kenyon_Cell,KCg-m,KCg-m_L,L
51600,Kenyon_Cell,KCab-p,KCab-p_R,R
51667,Kenyon_Cell,KCg-m,KCg-m_R,R
51679,Kenyon_Cell,KCg-d,KCg-d_R,R
51686,Kenyon_Cell,KCab-p,KCab-p_R,R
51688,Kenyon_Cell,KCa'b'-ap2,KCa'b'-ap2_R,R
51715,Kenyon_Cell,KCa'b'-ap1,KCa'b'-ap1_L,L
51742,Kenyon_Cell,KCg-m,KCg-m_L,L
51745,Kenyon_Cell,KCa'b'-m,KCa'b'-m_R,R
51751,Kenyon_Cell,KCg-m,KCg-m_L,L
51753,Kenyon_Cell,KCa'b'-m,KCa'b'-m_R,R
51795,Kenyon_Cell,KCa'b'-m,KCa'b'-m_L,L
51855,Kenyon_Cell,KCg-m,KCg-m_R,R
51865,Kenyon_Cell,KCg-m,KCg-m_L,L
51866,Kenyon_Cell,KCg-m,KCg-m_R,R
51883,Kenyon_Cell,KCg-m,KCg-m_R,R
51894,Kenyon_Cell,KCa'b'-ap2,KCa'b'-ap2_R,R
51937,Kenyon_Cell,KCg-m,KCg-m_L,L
51998,Kenyon_Cell,KCg-d,KCg-d_R,R
52022,Kenyon_Cell,KCg-m,KCg-m_R,R
52140,Kenyon_Cell,KCa'b'-ap1,KCa'b'-ap1_R,R
52141,Kenyon_Cell,KCa'b'-ap1,KCa'b'-ap1_L,L
52156,Kenyon_Cell,KCg-m,KCg-m_R,R
52189,Kenyon_Cell,KCa'b'-ap2,KCa'b'-ap2_L,L
52220,Kenyon_Cell,KCg-m,KCg-m_R,R
52267,Kenyon_Cell,KCa'b'-m,KCa'b'-m_R,R
52318,Kenyon_Cell,KCg-m,KCg-m_L,L
52337,Kenyon_Cell,KCa'b'-ap2,KCa'b'-ap2_R,R
52402,Kenyon_Cell,KCg-m,KCg-m_R,R
52513,Kenyon_Cell,KCa'b'-ap1,KCa'b'-ap1_L,L
52518,Kenyon_Cell,KCg-m,KCg-m_R,R
52564,Kenyon_Cell,KCg-m,KCg-m_L,L
52575,Kenyon_Cell,KCg-m,KCg-m_R,R
52581,Kenyon_Cell,KCa'b'-ap1,KCa'b'-ap1_R,R
52594,Kenyon_Cell,KCg-d,KCg-d_R,R
52613,Kenyon_Cell,KCa'b'-m,KCa'b'-m_R,R
52704,Kenyon_Cell,KCab-s,KCab-s_L,L
52706,Kenyon_Cell,KCa'b'-m,KCa'b'-m_R,R
52751,Kenyon_Cell,KCg-d,KCg-d_R,R
52773,Kenyon_Cell,KCg-m,KCg-m_R,R
52789,Kenyon_Cell,KCa'b'-ap2,KCa'b'-ap2_R,R
52824,Kenyon_Cell,KCab-s,KCab-s_L,L
52856,Kenyon_Cell,KCg-m,KCg-m_L,L
52877,Kenyon_Cell,KCa'b'-ap2,KCa'b'-ap2_R,R
52907,Kenyon_Cell,KCg-d,KCg-d_R,R
52923,Kenyon_Cell,KCa'b'-ap1,KCa'b'-ap1_L,L
52933,Kenyon_Cell,KCa'b'-ap2,KCa'b'-ap2_R,R
52938,Kenyon_Cell,KCg-m,KCg-m_L,L
52972,Kenyon_Cell,KCa'b'-m,KCa'b'-m_R,R
53014,Kenyon_Cell,KCab-s,KCab-s_R,R
53050,Kenyon_Cell,KCg-m,KCg-m_R,R
53099,Kenyon_Cell,KCg-m,KCg-m_R,R
53144,Kenyon_Cell,KCg-m,KCg-m_R,R
53154,Kenyon_Cell,KCg-m,KCg-m_R,R
53173,Kenyon_Cell,KCg-m,KCg-m_R,R
53178,Kenyon_Cell,KCg-m,KCg-m_R,R
53217,Kenyon_Cell,KCg-d,KCg-d_R,R
53221,Kenyon_Cell,KCa'b'-ap2,KCa'b'-ap2_R,R
53241,Kenyon_Cell,KCa'b'-ap2,KCa'b'-ap2_L,L
53250,Kenyon_Cell,KCa'b'-ap2,KCa'b'-ap2_R,R
53267,Kenyon_Cell,KCg-m,KCg-m_R,R
53271,Kenyon_Cell,KCg-d,KCg-d_L,L
53278,Kenyon_Cell,KCa'b'-ap1,KCa'b'-ap1_L,L
53285,DAN,PAM01,PAM01(y5)_L,L
53331,Kenyon_Cell,KCa'b'-ap1,KCa'b'-ap1_L,L
53354,Kenyon_Cell,KCa'b'-ap2,KCa'b'-ap2_L,L
53382,Kenyon_Cell,KCa'b'-ap2,KCa'b'-ap2_R,R
53383,Kenyon_Cell,KCg-m,KCg-m_R,R
53397,Kenyon_Cell,KCa'b'-ap2,KCa'b'-ap2_L,L
53430,Kenyon_Cell,KCab-p,KCab-p_L,L
53448,Kenyon_Cell,KCa'b'-m,KCa'b'-m_R,R
53472,Kenyon_Cell,KCg-m,KCg-m_R,R
53505,Kenyon_Cell,KCg-d,KCg-d_R,R
53535,Kenyon_Cell,KCa'b'-ap1,KCa'b'-ap1_R,R
53592,Kenyon_Cell,KCa'b'-ap1,KCa'b'-ap1_R,R
53633,Kenyon_Cell,KCg-m,KCg-m_R,R
53645,Kenyon_Cell,KCa'b'-ap2,KCa'b'-ap2_R,R
53655,Kenyon_Cell,KCg-m,KCg-m_R,R
53680,Kenyon_Cell,KCg-d,KCg-d_L,L
53686,Kenyon_Cell,KCa'b'-ap2,KCa'b'-ap2_R,R
53688,Kenyon_Cell,KCg-m,KCg-m_R,R
53756,Kenyon_Cell,KCg-m,KCg-m_L,L
53766,Kenyon_Cell,KCa'b'-ap2,KCa'b'-ap2_R,R
53833,Kenyon_Cell,KCa'b'-m,KCa'b'-m_R,R
53836,Kenyon_Cell,KCg-m,KCg-m_R,R
53851,Kenyon_Cell,KCa'b'-ap2,KCa'b'-ap2_R,R
53863,Kenyon_Cell,KCab-c,KCab-c_R,R
53881,Kenyon_Cell,KCa'b'-m,KCa'b'-m_L,L
53914,Kenyon_Cell,KCa'b'-m,KCa'b'-m_R,R
53947,Kenyon_Cell,KCg-m,KCg-m_R,R
53957,Kenyon_Cell,KCa'b'-m,KCa'b'-m_R,R
53987,Kenyon_Cell,KCg-m,KCg-m_L,L
53994,Kenyon_Cell,KCg-m,KCg-m_R,R
54067,Kenyon_Cell,KCa'b'-ap1,KCa'b'-ap1_L,L
54192,Kenyon_Cell,KCa'b'-ap1,KCa'b'-ap1_R,R
54202,Kenyon_Cell,KCg-m,KCg-m_L,L
54255,Kenyon_Cell,KCg-m,KCg-m_L,L
54345,Kenyon_Cell,KCg-m,KCg-m_R,R
54398,Kenyon_Cell,KCab-s,KCab-s_L,L
54429,Kenyon_Cell,KCa'b'-m,KCa'b'-m_L,L
54455,Kenyon_Cell,KCg-m,KCg-m_R,R
54549,Kenyon_Cell,KCa'b'-ap1,KCa'b'-ap1_L,L
54641,Kenyon_Cell,KCa'b'-ap1,KCa'b'-ap1_L,L
54647,Kenyon_Cell,KCa'b'-ap1,KCa'b'-ap1_L,L
54661,Kenyon_Cell,KCab-s,KCab-s_R,R
54702,Kenyon_Cell,KCa'b'-ap1,KCa'b'-ap1_R,R
54717,Kenyon_Cell,KCa'b'-m,KCa'b'-m_L,L
54729,Kenyon_Cell,KCa'b'-ap1,KCa'b'-ap1_L,L
54746,Kenyon_Cell,KCg-m,KCg-m_R,R
54936,Kenyon_Cell,KCg-m,KCg-m_R,R
54957,Kenyon_Cell,KCa'b'-m,KCa'b'-m_R,R
54996,Kenyon_Cell,KCa'b'-ap2,KCa'b'-ap2_R,R
55003,Kenyon_Cell,KCa'b'-ap1,KCa'b'-ap1_L,L
55062,Kenyon_Cell,KCg-m,KCg-m_R,R
55083,Kenyon_Cell,KCa'b'-ap1,KCa'b'-ap1_R,R
55123,Kenyon_Cell,KCa'b'-ap2,KCa'b'-ap2_L,L
55141,Kenyon_Cell,KCa'b'-ap2,KCa'b'-ap2_R,R
55210,DAN,PAM08,PAM08(y4)_L,L
55216,Kenyon_Cell,KCa'b'-m,KCa'b'-m_R,R
55227,Kenyon_Cell,KCab-c,KCab-c_R,R
55278,Kenyon_Cell,KCg-m,KCg-m_R,R
55316,Kenyon_Cell,KCab-p,KCab-p_L,L
55460,Kenyon_Cell,KCa'b'-ap2,KCa'b'-ap2_R,R
55480,Kenyon_Cell,KCa'b'-m,KCa'b'-m_L,L
55485,Kenyon_Cell,KCa'b'-ap1,KCa'b'-ap1_L,L
55528,Kenyon_Cell,KCab-s,KCab-s_R,R
55542,Kenyon_Cell,KCg-m,KCg-m_L,L
55586,Kenyon_Cell,KCa'b'-ap1,KCa'b'-ap1_L,L
55670,Kenyon_Cell,KCg-m,KCg-m_R,R
55755,Kenyon_Cell,KCab-c,KCab-c_R,R
55765,Kenyon_Cell,KCa'b'-m,KCa'b'-m_L,L
55850,Kenyon_Cell,KCg-m,KCg-m_R,R
55853,Kenyon_Cell,KCg-m,KCg-m_L,L
55857,Kenyon_Cell,KCg-m,KCg-m_R,R
55884,Kenyon_Cell,KCa'b'-m,KCa'b'-m_L,L
55919,Kenyon_Cell,KCa'b'-ap1,KCa'b'-ap1_R,R
55935,Kenyon_Cell,KCa'b'-ap2,KCa'b'-ap2_L,L
55946,Kenyon_Cell,KCab-p,KCab-p_R,R
55955,Kenyon_Cell,KCab-s,KCab-s_L,L
55998,Kenyon_Cell,KCg-m,KCg-m_R,R
56000,Kenyon_Cell,KCa'b'-ap1,KCa'b'-ap1_R,R
56130,Kenyon_Cell,KCa'b'-ap2,KCa'b'-ap2_R,R
56145,Kenyon_Cell,KCg-d,KCg-d_L,L
56223,Kenyon_Cell,KCg-m,KCg-m_R,R
56251,Kenyon_Cell,KCg-m,KCg-m_L,L
56274,Kenyon_Cell,KCab-s,KCab-s_R,R
56284,Kenyon_Cell,KCg-d,KCg-d_R,R
56297,Kenyon_Cell,KCg-m,KCg-m_R,R
56315,Kenyon_Cell,KCg-m,KCg-m_R,R
56352,Kenyon_Cell,KCab-p,KCab-p_L,L
56424,Kenyon_Cell,KCg-m,KCg-m_R,R
56430,Kenyon_Cell,KCg-m,KCg-m_R,R
56461,Kenyon_Cell,KCa'b'-ap2,KCa'b'-ap2_R,R
56650,Kenyon_Cell,KCg-m,KCg-m_L,L
56666,Kenyon_Cell,KCg-m,KCg-m_R,R
56692,Kenyon_Cell,KCa'b'-ap1,KCa'b'-ap1_L,L
56749,Kenyon_Cell,KCa'b'-m,KCa'b'-m_R,R
56866,Kenyon_Cell,KCg-m,KCg-m_L,L
56936,Kenyon_Cell,KCa'b'-ap2,KCa'b'-ap2_R,R
56943,Kenyon_Cell,KCa'b'-ap2,KCa'b'-ap2_R,R
57015,Kenyon_Cell,KCa'b'-ap2,KCa'b'-ap2_R,R
57075,Kenyon_Cell,KCg-m,KCg-m_R,R
57106,Kenyon_Cell,KCa'b'-ap2,KCa'b'-ap2_R,R
57152,Kenyon_Cell,KCg-m,KCg-m_L,L
57171,Kenyon_Cell,KCg-m,KCg-m_R,R
57179,Kenyon_Cell,KCg-m,KCg-m_R,R
57219,Kenyon_Cell,KCab-s,KCab-s_R,R
57244,Kenyon_Cell,KCab-p,KCab-p_L,L
57302,Kenyon_Cell,KCg-d,KCg-d_R,R
57314,Kenyon_Cell,KCg-m,KCg-m_R,R
57341,Kenyon_Cell,KCa'b'-m,KCa'b'-m_R,R
57355,Kenyon_Cell,KCg-m,KCg-m_R,R
57356,Kenyon_Cell,KCg-m,KCg-m_R,R
57387,Kenyon_Cell,KCa'b'-m,KCa'b'-m_L,L
57403,Kenyon_Cell,KCa'b'-ap1,KCa'b'-ap1_R,R
57413,Kenyon_Cell,KCg-d,KCg-d_R,R
57425,Kenyon_Cell,KCab-s,KCab-s_R,R
57460,Kenyon_Cell,KCg-d,KCg-d_R,R
57498,Kenyon_Cell,KCg-d,KCg-d_R,R
57532,Kenyon_Cell,KCg-m,KCg-m_R,R
57545,Kenyon_Cell,KCg-d,KCg-d_R,R
57550,Kenyon_Cell,KCg-d,KCg-d_R,R
57568,Kenyon_Cell,KCg-m,KCg-m_R,R
57661,Kenyon_Cell,KCa'b'-ap1,KCa'b'-ap1_L,L
57669,Kenyon_Cell,KCg-m,KCg-m_R,R
57673,Kenyon_Cell,KCa'b'-ap2,KCa'b'-ap2_L,L
57684,Kenyon_Cell,KCg-m,KCg-m_R,R
57729,Kenyon_Cell,KCab-s,KCab-s_R,R
57770,Kenyon_Cell,KCg-m,KCg-m_L,L
57796,Kenyon_Cell,KCa'b'-ap2,KCa'b'-ap2_L,L
57806,Kenyon_Cell,KCg-m,KCg-m_L,L
57865,Kenyon_Cell,KCab-p,KCab-p_R,R
57879,Kenyon_Cell,KCab-s,KCab-s_R,R
57902,Kenyon_Cell,KCab-s,KCab-s_L,L
57977,Kenyon_Cell,KCa'b'-ap1,KCa'b'-ap1_R,R
57978,Kenyon_Cell,KCg-m,KCg-m_R,R
58013,Kenyon_Cell,KCg-m,KCg-m_R,R
58014,Kenyon_Cell,KCg-m,KCg-m_R,R
58058,Kenyon_Cell,KCg-m,KCg-m_L,L
58097,Kenyon_Cell,KCa'b'-ap1,KCa'b'-ap1_L,L
58111,Kenyon_Cell,KCa'b'-ap1,KCa'b'-ap1_R,R
58130,Kenyon_Cell,KCa'b'-ap1,KCa'b'-ap1_R,R
58169,Kenyon_Cell,KCab-p,KCab-p_R,R
58183,Kenyon_Cell,KCg-m,KCg-m_R,R
58275,Kenyon_Cell,KCab-s,KCab-s_L,L
58295,Kenyon_Cell,KCab-p,KCab-p_R,R
58387,Kenyon_Cell,KCab-s,KCab-s_L,L
58401,MBON,MBON15,MBON15(a'1)_R,R
58471,Kenyon_Cell,KCg-m,KCg-m_L,L
58487,Kenyon_Cell,KCg-m,KCg-m_R,R
58501,Kenyon_Cell,KCg-d,KCg-d_R,R
58524,Kenyon_Cell,KCg-d,KCg-d_R,R
58570,Kenyon_Cell,KCa'b'-ap2,KCa'b'-ap2_R,R
58586,Kenyon_Cell,KCg-m,KCg-m_R,R
58662,Kenyon_Cell,KCab-s,KCab-s_L,L
58782,Kenyon_Cell,KCg-d,KCg-d_R,R
58802,Kenyon_Cell,KCg-d,KCg-d_L,L
58805,Kenyon_Cell,KCa'b'-m,KCa'b'-m_R,R
58884,Kenyon_Cell,KCa'b'-m,KCa'b'-m_L,L
58941,DAN,PAM08,PAM08(y4)_L,L
58950,Kenyon_Cell,KCg-m,KCg-m_R,R
58961,Kenyon_Cell,KCg-m,KCg-m_R,R
58980,Kenyon_Cell,KCa'b'-ap2,KCa'b'-ap2_L,L
59001,Kenyon_Cell,KCa'b'-ap2,KCa'b'-ap2_L,L
59078,Kenyon_Cell,KCa'b'-m,KCa'b'-m_L,L
59090,Kenyon_Cell,KCa'b'-ap2,KCa'b'-ap2_R,R
59174,Kenyon_Cell,KCg-m,KCg-m_R,R
59261,Kenyon_Cell,KCg-m,KCg-m_R,R
59286,Kenyon_Cell,KCg-m,KCg-m_R,R
59320,Kenyon_Cell,KCa'b'-ap2,KCa'b'-ap2_R,R
59384,Kenyon_Cell,KCg-m,KCg-m_R,R
59442,Kenyon_Cell,KCg-m,KCg-m_R,R
59463,Kenyon_Cell,KCa'b'-ap2,KCa'b'-ap2_L,L
59494,Kenyon_Cell,KCg-m,KCg-m_R,R
59616,Kenyon_Cell,KCa'b'-ap2,KCa'b'-ap2_L,L
59715,Kenyon_Cell,KCa'b'-ap2,KCa'b'-ap2_R,R
59765,Kenyon_Cell,KCa'b'-m,KCa'b'-m_R,R
59787,Kenyon_Cell,KCab-p,KCab-p_R,R
59818,Kenyon_Cell,KCab-s,KCab-s_R,R
59901,Kenyon_Cell,KCa'b'-ap2,KCa'b'-ap2_R,R
59923,Kenyon_Cell,KCg-m,KCg-m_R,R
59932,Kenyon_Cell,KCg-m,KCg-m_R,R
59978,Kenyon_Cell,KCg-m,KCg-m_R,R
60011,Kenyon_Cell,KCg-m,KCg-m_L,L
60083,Kenyon_Cell,KCa'b'-m,KCa'b'-m_L,L
60098,Kenyon_Cell,KCa'b'-m,KCa'b'-m_R,R
60166,Kenyon_Cell,KCab-p,KCab-p_L,L
60172,Kenyon_Cell,KCg-m,KCg-m_R,R
60200,Kenyon_Cell,KCg-m,KCg-m_R,R
60227,Kenyon_Cell,KCg-m,KCg-m_R,R
60273,DAN,PAM07,PAM07(y4<y1y2)_L,L
60314,Kenyon_Cell,KCa'b'-m,KCa'b'-m_R,R
60329,Kenyon_Cell,KCg-m,KCg-m_R,R
60344,Kenyon_Cell,KCg-d,KCg-d_R,R
60349,Kenyon_Cell,KCa'b'-ap1,KCa'b'-ap1_L,L
60354,Kenyon_Cell,KCa'b'-ap1,KCa'b'-ap1_R,R
60388,Kenyon_Cell,KCg-m,KCg-m_L,L
60391,Kenyon_Cell,KCa'b'-ap2,KCa'b'-ap2_L,L
60443,Kenyon_Cell,KCa'b'-ap2,KCa'b'-ap2_R,R
60471,Kenyon_Cell,KCg-m,KCg-m_L,L
60494,Kenyon_Cell,KCa'b'-ap2,KCa'b'-ap2_L,L
60505,Kenyon_Cell,KCa'b'-m,KCa'b'-m_R,R
60516,Kenyon_Cell,KCg-m,KCg-m_R,R
60539,Kenyon_Cell,KCa'b'-ap1,KCa'b'-ap1_L,L
60545,Kenyon_Cell,KCg-m,KCg-m_L,L
60697,Kenyon_Cell,KCa'b'-ap1,KCa'b'-ap1_L,L
60708,Kenyon_Cell,KCg-d,KCg-d_R,R
60729,Kenyon_Cell,KCa'b'-ap2,KCa'b'-ap2_R,R
60732,Kenyon_Cell,KCab-s,KCab-s_L,L
60739,Kenyon_Cell,KCg-m,KCg-m_R,R
60763,Kenyon_Cell,KCg-m,KCg-m_R,R
60768,Kenyon_Cell,KCg-m,KCg-m_R,R
60787,Kenyon_Cell,KCab-s,KCab-s_L,L
60829,Kenyon_Cell,KCg-d,KCg-d_R,R
60834,Kenyon_Cell,KCg-m,KCg-m_L,L
60890,Kenyon_Cell,KCab-s,KCab-s_R,R
60930,DAN,PAM10,PAM10(B1)_L,L
60948,Kenyon_Cell,KCab-s,KCab-s_L,L
60957,Kenyon_Cell,KCg-m,KCg-m_R,R
60960,Kenyon_Cell,KCa'b'-ap2,KCa'b'-ap2_R,R
60983,Kenyon_Cell,KCa'b'-m,KCa'b'-m_R,R
60986,Kenyon_Cell,KCab-s,KCab-s_L,L
61033,Kenyon_Cell,KCa'b'-m,KCa'b'-m_R,R
61056,Kenyon_Cell,KCg-d,KCg-d_R,R
61071,Kenyon_Cell,KCa'b'-ap1,KCa'b'-ap1_L,L
61113,Kenyon_Cell,KCg-m,KCg-m_R,R
61115,Kenyon_Cell,KCa'b'-ap2,KCa'b'-ap2_R,R
61116,Kenyon_Cell,KCab-s,KCab-s_L,L
61120,Kenyon_Cell,KCab-s,KCab-s_L,L
61126,Kenyon_Cell,KCg-m,KCg-m_R,R
61178,Kenyon_Cell,KCg-m,KCg-m_R,R
61237,Kenyon_Cell,KCg-m,KCg-m_R,R
61253,Kenyon_Cell,KCa'b'-ap1,KCa'b'-ap1_L,L
61259,Kenyon_Cell,KCab-s,KCab-s_L,L
61279,Kenyon_Cell,KCg-m,KCg-m_R,R
61312,Kenyon_Cell,KCg-m,KCg-m_L,L
61333,Kenyon_Cell,KCab-s,KCab-s_L,L
61334,Kenyon_Cell,KCa'b'-m,KCa'b'-m_L,L
61339,Kenyon_Cell,KCa'b'-ap2,KCa'b'-ap2_R,R
61360,DAN,PAM12,PAM12(y3)_L,L
61382,Kenyon_Cell,KCg-m,KCg-m_R,R
61456,Kenyon_Cell,KCg-m,KCg-m_R,R
61464,Kenyon_Cell,KCab-s,KCab-s_R,R
61475,Kenyon_Cell,KCa'b'-ap1,KCa'b'-ap1_R,R
61517,Kenyon_Cell,KCab-s,KCab-s_L,L
61555,Kenyon_Cell,KCa'b'-ap1,KCa'b'-ap1_R,R
61570,Kenyon_Cell,KCa'b'-ap2,KCa'b'-ap2_L,L
61579,Kenyon_Cell,KCg-m,KCg-m_L,L
61605,Kenyon_Cell,KCg-m,KCg-m_R,R
61639,Kenyon_Cell,KCa'b'-m,KCa'b'-m_L,L
61802,Kenyon_Cell,KCg-m,KCg-m_L,L
61806,Kenyon_Cell,KCab-s,KCab-s_R,R
61936,Kenyon_Cell,KCa'b'-ap2,KCa'b'-ap2_R,R
61938,Kenyon_Cell,KCa'b'-m,KCa'b'-m_R,R
61947,Kenyon_Cell,KCab-p,KCab-p_R,R
61962,Kenyon_Cell,KCg-m,KCg-m_R,R
61967,Kenyon_Cell,KCg-m,KCg-m_R,R
61981,Kenyon_Cell,KCg-m,KCg-m_R,R
62003,Kenyon_Cell,KCg-m,KCg-m_R,R
62057,Kenyon_Cell,KCa'b'-m,KCa'b'-m_R,R
62062,Kenyon_Cell,KCg-m,KCg-m_R,R
62076,Kenyon_Cell,KCg-d,KCg-d_R,R
62087,Kenyon_Cell,KCab-p,KCab-p_R,R
62159,Kenyon_Cell,KCg-m,KCg-m_R,R
62174,Kenyon_Cell,KCg-m,KCg-m_R,R
62188,Kenyon_Cell,KCa'b'-m,KCa'b'-m_L,L
62241,Kenyon_Cell,KCg-m,KCg-m_R,R
62274,Kenyon_Cell,KCg-d,KCg-d_R,R
62344,Kenyon_Cell,KCg-m,KCg-m_R,R
62417,Kenyon_Cell,KCa'b'-m,KCa'b'-m_L,L
62436,Kenyon_Cell,KCab-s,KCab-s_L,L
62457,Kenyon_Cell,KCab-p,KCab-p_R,R
62471,Kenyon_Cell,KCab-c,KCab-c_R,R
62517,Kenyon_Cell,KCab-m,KCab-m_R,R
62559,Kenyon_Cell,KCg-m,KCg-m_R,R
62624,Kenyon_Cell,KCab-s,KCab-s_R,R
62638,Kenyon_Cell,KCa'b'-ap1,KCa'b'-ap1_L,L
62641,Kenyon_Cell,KCab-p,KCab-p_L,L
62643,Kenyon_Cell,KCg-m,KCg-m_R,R
62645,Kenyon_Cell,KCg-m,KCg-m_R,R
62660,Kenyon_Cell,KCg-m,KCg-m_R,R
62703,Kenyon_Cell,KCa'b'-ap1,KCa'b'-ap1_L,L
62731,DAN,PAM01,PAM01(y5)_R,R
62733,Kenyon_Cell,KCa'b'-ap2,KCa'b'-ap2_R,R
62753,Kenyon_Cell,KCab-s,KCab-s_L,L
62840,Kenyon_Cell,KCab-s,KCab-s_R,R
62891,Kenyon_Cell,KCg-m,KCg-m_R,R
62905,Kenyon_Cell,KCa'b'-m,KCa'b'-m_R,R
62917,Kenyon_Cell,KCg-m,KCg-m_R,R
63035,Kenyon_Cell,KCa'b'-ap2,KCa'b'-ap2_L,L
63097,Kenyon_Cell,KCg-m,KCg-m_R,R
63100,Kenyon_Cell,KCg-m,KCg-m_R,R
63153,Kenyon_Cell,KCg-m,KCg-m_R,R
63156,Kenyon_Cell,KCab-s,KCab-s_R,R
63189,Kenyon_Cell,KCg-m,KCg-m_R,R
63199,Kenyon_Cell,KCg-m,KCg-m_L,L
63209,Kenyon_Cell,KCa'b'-ap1,KCa'b'-ap1_L,L
63212,Kenyon_Cell,KCa'b'-ap2,KCa'b'-ap2_L,L
63218,Kenyon_Cell,KCa'b'-ap1,KCa'b'-ap1_L,L
63253,Kenyon_Cell,KCab-s,KCab-s_L,L
63269,Kenyon_Cell,KCg-m,KCg-m_R,R
63283,Kenyon_Cell,KCa'b'-m,KCa'b'-m_L,L
63327,Kenyon_Cell,KCg-m,KCg-m_L,L
63345,Kenyon_Cell,KCab-m,KCab-m_L,L
63370,Kenyon_Cell,KCa'b'-ap2,KCa'b'-ap2_R,R
63380,Kenyon_Cell,KCa'b'-ap2,KCa'b'-ap2_R,R
63391,DAN,PAM01,PAM01(y5)_R,R
63394,Kenyon_Cell,KCg-m,KCg-m_R,R
63398,Kenyon_Cell,KCg-m,KCg-m_R,R
63482,Kenyon_Cell,KCg-m,KCg-m_R,R
63483,Kenyon_Cell,KCab-s,KCab-s_L,L
63499,Kenyon_Cell,KCa'b'-m,KCa'b'-m_R,R
63506,Kenyon_Cell,KCg-m,KCg-m_R,R
63508,Kenyon_Cell,KCg-m,KCg-m_R,R
63543,Kenyon_Cell,KCg-d,KCg-d_R,R
63578,Kenyon_Cell,KCg-m,KCg-m_R,R
63590,Kenyon_Cell,KCa'b'-ap1,KCa'b'-ap1_L,L
63629,Kenyon_Cell,KCg-m,KCg-m_R,R
63634,Kenyon_Cell,KCg-m,KCg-m_L,L
63740,Kenyon_Cell,KCg-m,KCg-m_L,L
63794,Kenyon_Cell,KCab-p,KCab-p_R,R
63814,Kenyon_Cell,KCab-s,KCab-s_L,L
63823,Kenyon_Cell,KCa'b'-m,KCa'b'-m_R,R
63930,Kenyon_Cell,KCg-m,KCg-m_R,R
63942,Kenyon_Cell,KCg-m,KCg-m_L,L
64005,Kenyon_Cell,KCa'b'-ap1,KCa'b'-ap1_R,R
64023,Kenyon_Cell,KCa'b'-ap2,KCa'b'-ap2_L,L
64115,Kenyon_Cell,KCg-m,KCg-m_R,R
64133,Kenyon_Cell,KCg-m,KCg-m_R,R
64141,Kenyon_Cell,KCa'b'-m,KCa'b'-m_R,R
64196,Kenyon_Cell,KCab-c,KCab-c_R,R
64253,Kenyon_Cell,KCab-s,KCab-s_R,R
64302,Kenyon_Cell,KCg-d,KCg-d_R,R
64310,Kenyon_Cell,KCg-d,KCg-d_R,R
64376,Kenyon_Cell,KCg-m,KCg-m_R,R
64378,Kenyon_Cell,KCab-s,KCab-s_L,L
64404,Kenyon_Cell,KCg-m,KCg-m_R,R
64434,Kenyon_Cell,KCg-m,KCg-m_L,L
64437,Kenyon_Cell,KCg-m,KCg-m_R,R
64440,Kenyon_Cell,KCg-m,KCg-m_R,R
64471,Kenyon_Cell,KCg-m,KCg-m_R,R
64472,Kenyon_Cell,KCa'b'-ap2,KCa'b'-ap2_L,L
64525,Kenyon_Cell,KCg-m,KCg-m_R,R
64596,Kenyon_Cell,KCg-m,KCg-m_R,R
64645,Kenyon_Cell,KCa'b'-m,KCa'b'-m_R,R
64653,Kenyon_Cell,KCa'b'-ap2,KCa'b'-ap2_R,R
64674,Kenyon_Cell,KCa'b'-ap2,KCa'b'-ap2_L,L
64697,Kenyon_Cell,KCg-m,KCg-m_L,L
64701,Kenyon_Cell,KCg-m,KCg-m_R,R
64782,Kenyon_Cell,KCa'b'-ap2,KCa'b'-ap2_R,R
64794,Kenyon_Cell,KCab-s,KCab-s_R,R
64799,Kenyon_Cell,KCa'b'-m,KCa'b'-m_L,L
64809,Kenyon_Cell,KCg-m,KCg-m_R,R
64860,Kenyon_Cell,KCg-m,KCg-m_L,L
64868,Kenyon_Cell,KCa'b'-m,KCa'b'-m_L,L
65109,Kenyon_Cell,KCa'b'-m,KCa'b'-m_L,L
65121,Kenyon_Cell,KCg-m,KCg-m_R,R
65122,Kenyon_Cell,KCg-m,KCg-m_R,R
65161,Kenyon_Cell,KCg-m,KCg-m_R,R
65205,Kenyon_Cell,KCab-s,KCab-s_R,R
65206,Kenyon_Cell,KCab-s,KCab-s_R,R
65347,Kenyon_Cell,KCab-m,KCab-m_L,L
65370,Kenyon_Cell,KCg-m,KCg-m_L,L
65379,Kenyon_Cell,KCg-m,KCg-m_R,R
65404,Kenyon_Cell,KCab-p,KCab-p_R,R
65420,Kenyon_Cell,KCab-c,KCab-c_R,R
65427,Kenyon_Cell,KCg-m,KCg-m_R,R
65446,Kenyon_Cell,KCa'b'-ap2,KCa'b'-ap2_R,R
65483,Kenyon_Cell,KCab-c,KCab-c_R,R
65500,Kenyon_Cell,KCa'b'-ap1,KCa'b'-ap1_R,R
65524,DAN,PAM08,PAM08(y4)_L,L
65559,DAN,PAM07,PAM07(y4<y1y2)_R,R
65606,Kenyon_Cell,KCg-m,KCg-m_R,R
65633,Kenyon_Cell,KCab-p,KCab-p_L,L
65708,Kenyon_Cell,KCab-s,KCab-s_L,L
65712,Kenyon_Cell,KCab-s,KCab-s_R,R
65714,Kenyon_Cell,KCa'b'-m,KCa'b'-m_L,L
65729,Kenyon_Cell,KCa'b'-ap2,KCa'b'-ap2_R,R
65737,Kenyon_Cell,KCg-m,KCg-m_R,R
65750,Kenyon_Cell,KCa'b'-ap1,KCa'b'-ap1_L,L
65752,Kenyon_Cell,KCa'b'-m,KCa'b'-m_L,L
65768,Kenyon_Cell,KCa'b'-ap1,KCa'b'-ap1_R,R
65814,Kenyon_Cell,KCa'b'-m,KCa'b'-m_L,L
65854,Kenyon_Cell,KCa'b'-m,KCa'b'-m_R,R
65864,Kenyon_Cell,KCg-m,KCg-m_R,R
65886,DAN,PAM08,PAM08(y4)_L,L
65940,Kenyon_Cell,KCab-s,KCab-s_R,R
65965,Kenyon_Cell,KCg-m,KCg-m_R,R
65974,Kenyon_Cell,KCa'b'-ap1,KCa'b'-ap1_L,L
65977,Kenyon_Cell,KCab-s,KCab-s_R,R
65997,Kenyon_Cell,KCg-m,KCg-m_R,R
66015,Kenyon_Cell,KCab-s,KCab-s_R,R
66028,Kenyon_Cell,KCab-s,KCab-s_L,L
66038,Kenyon_Cell,KCg-m,KCg-m_R,R
66047,Kenyon_Cell,KCg-m,KCg-m_L,L
66073,Kenyon_Cell,KCab-c,KCab-c_R,R
66099,Kenyon_Cell,KCg-m,KCg-m_R,R
66105,Kenyon_Cell,KCg-m,KCg-m_L,L
66113,Kenyon_Cell,KCg-m,KCg-m_L,L
66137,Kenyon_Cell,KCab-c,KCab-c_R,R
66171,Kenyon_Cell,KCa'b'-ap2,KCa'b'-ap2_R,R
66179,Kenyon_Cell,KCab-m,KCab-m_L,L
66219,Kenyon_Cell,KCg-m,KCg-m_R,R
66238,Kenyon_Cell,KCab-s,KCab-s_L,L
66387,Kenyon_Cell,KCab-s,KCab-s_R,R
66440,Kenyon_Cell,KCab-s,KCab-s_L,L
66458,Kenyon_Cell,KCab-s,KCab-s_L,L
66519,Kenyon_Cell,KCg-m,KCg-m_R,R
66531,Kenyon_Cell,KCab-s,KCab-s_L,L
66583,Kenyon_Cell,KCg-m,KCg-m_R,R
66594,Kenyon_Cell,KCg-m,KCg-m_R,R
66595,Kenyon_Cell,KCg-m,KCg-m_R,R
66599,Kenyon_Cell,KCab-s,KCab-s_L,L
66601,Kenyon_Cell,KCg-m,KCg-m_R,R
66611,Kenyon_Cell,KCg-m,KCg-m_R,R
66617,Kenyon_Cell,KCg-m,KCg-m_L,L
66659,Kenyon_Cell,KCg-d,KCg-d_L,L
66711,Kenyon_Cell,KCab-s,KCab-s_L,L
66720,Kenyon_Cell,KCa'b'-m,KCa'b'-m_L,L
66812,Kenyon_Cell,KCg-m,KCg-m_R,R
66865,Kenyon_Cell,KCab-m,KCab-m_L,L
66891,Kenyon_Cell,KCab-s,KCab-s_R,R
66911,Kenyon_Cell,KCg-m,KCg-m_R,R
66934,DAN,PAM10,PAM10(B1)_L,L
66945,Kenyon_Cell,KCg-m,KCg-m_R,R
66973,Kenyon_Cell,KCg-d,KCg-d_R,R
67000,Kenyon_Cell,KCg-m,KCg-m_L,L
67011,Kenyon_Cell,KCa'b'-ap2,KCa'b'-ap2_L,L
67022,Kenyon_Cell,KCa'b'-ap1,KCa'b'-ap1_L,L
67058,Kenyon_Cell,KCg-m,KCg-m_L,L
67102,Kenyon_Cell,KCa'b'-ap1,KCa'b'-ap1_L,L
67106,Kenyon_Cell,KCg-m,KCg-m_L,L
67120,Kenyon_Cell,KCg-m,KCg-m_R,R
67249,Kenyon_Cell,KCg-m,KCg-m_R,R
67257,Kenyon_Cell,KCg-m,KCg-m_L,L
67274,Kenyon_Cell,KCab-s,KCab-s_R,R
67282,Kenyon_Cell,KCab-m,KCab-m_L,L
67287,Kenyon_Cell,KCab-s,KCab-s_L,L
67320,Kenyon_Cell,KCg-m,KCg-m_R,R
67337,Kenyon_Cell,KCg-m,KCg-m_R,R
67344,Kenyon_Cell,KCab-c,KCab-c_R,R
67355,Kenyon_Cell,KCg-d,KCg-d_R,R
67356,Kenyon_Cell,KCg-m,KCg-m_L,L
67359,Kenyon_Cell,KCa'b'-m,KCa'b'-m_R,R
67378,Kenyon_Cell,KCa'b'-m,KCa'b'-m_L,L
67406,Kenyon_Cell,KCab-s,KCab-s_L,L
67425,Kenyon_Cell,KCg-m,KCg-m_R,R
67432,Kenyon_Cell,KCg-m,KCg-m_R,R
67439,Kenyon_Cell,KCa'b'-ap2,KCa'b'-ap2_L,L
67451,Kenyon_Cell,KCg-m,KCg-m_R,R
67468,Kenyon_Cell,KCg-m,KCg-m_L,L
67474,Kenyon_Cell,KCa'b'-ap1,KCa'b'-ap1_R,R
67479,Kenyon_Cell,KCg-m,KCg-m_L,L
67535,Kenyon_Cell,KCab-s,KCab-s_R,R
67543,Kenyon_Cell,KCa'b'-ap2,KCa'b'-ap2_R,R
67544,Kenyon_Cell,KCa'b'-ap1,KCa'b'-ap1_R,R
67581,Kenyon_Cell,KCab-c,KCab-c_R,R
67654,Kenyon_Cell,KCab-s,KCab-s_R,R
67665,Kenyon_Cell,KCab-s,KCab-s_R,R
67671,Kenyon_Cell,KCa'b'-ap2,KCa'b'-ap2_R,R
67686,Kenyon_Cell,KCab-s,KCab-s_R,R
67696,Kenyon_Cell,KCab-s,KCab-s_R,R
67712,Kenyon_Cell,KCg-m,KCg-m_R,R
67721,Kenyon_Cell,KCg-m,KCg-m_R,R
67722,Kenyon_Cell,KCg-m,KCg-m_R,R
67774,Kenyon_Cell,KCg-m,KCg-m_R,R
67809,Kenyon_Cell,KCa'b'-m,KCa'b'-m_L,L
67828,Kenyon_Cell,KCg-m,KCg-m_R,R
67853,Kenyon_Cell,KCg-d,KCg-d_R,R
67912,Kenyon_Cell,KCa'b'-m,KCa'b'-m_L,L
67919,Kenyon_Cell,KCab-s,KCab-s_R,R
67977,Kenyon_Cell,KCab-s,KCab-s_R,R
67984,Kenyon_Cell,KCg-d,KCg-d_R,R
68010,Kenyon_Cell,KCab-c,KCab-c_R,R
68098,Kenyon_Cell,KCab-c,KCab-c_R,R
68137,Kenyon_Cell,KCg-m,KCg-m_R,R
68162,Kenyon_Cell,KCab-s,KCab-s_L,L
68176,Kenyon_Cell,KCg-m,KCg-m_R,R
68226,Kenyon_Cell,KCg-m,KCg-m_R,R
68239,Kenyon_Cell,KCg-m,KCg-m_L,L
68254,Kenyon_Cell,KCg-m,KCg-m_L,L
68265,Kenyon_Cell,KCab-c,KCab-c_R,R
68283,Kenyon_Cell,KCa'b'-ap1,KCa'b'-ap1_L,L
68287,Kenyon_Cell,KCab-s,KCab-s_R,R
68334,Kenyon_Cell,KCa'b'-ap2,KCa'b'-ap2_R,R
68339,Kenyon_Cell,KCa'b'-ap2,KCa'b'-ap2_L,L
68428,Kenyon_Cell,KCa'b'-ap1,KCa'b'-ap1_R,R
68484,Kenyon_Cell,KCab-p,KCab-p_L,L
68487,Kenyon_Cell,KCg-m,KCg-m_R,R
68495,Kenyon_Cell,KCab-s,KCab-s_R,R
68501,Kenyon_Cell,KCab-m,KCab-m_L,L
68507,Kenyon_Cell,KCa'b'-ap2,KCa'b'-ap2_L,L
68531,Kenyon_Cell,KCg-m,KCg-m_R,R
68585,Kenyon_Cell,KCab-s,KCab-s_R,R
68614,Kenyon_Cell,KCab-m,KCab-m_L,L
68635,Kenyon_Cell,KCg-m,KCg-m_R,R
68708,Kenyon_Cell,KCg-m,KCg-m_L,L
68729,Kenyon_Cell,KCa'b'-ap2,KCa'b'-ap2_L,L
68737,Kenyon_Cell,KCab-s,KCab-s_R,R
68759,Kenyon_Cell,KCg-m,KCg-m_L,L
68790,Kenyon_Cell,KCg-m,KCg-m_R,R
68803,Kenyon_Cell,KCg-m,KCg-m_R,R
68941,Kenyon_Cell,KCa'b'-ap1,KCa'b'-ap1_R,R
68979,Kenyon_Cell,KCg-m,KCg-m_L,L
69002,Kenyon_Cell,KCa'b'-ap2,KCa'b'-ap2_R,R
69022,Kenyon_Cell,KCab-s,KCab-s_R,R
69037,Kenyon_Cell,KCa'b'-ap2,KCa'b'-ap2_R,R
69042,Kenyon_Cell,KCg-m,KCg-m_R,R
69047,Kenyon_Cell,KCab-p,KCab-p_R,R
69077,Kenyon_Cell,KCg-m,KCg-m_R,R
69101,Kenyon_Cell,KCg-m,KCg-m_R,R
69114,Kenyon_Cell,KCg-m,KCg-m_L,L
69175,Kenyon_Cell,KCg-m,KCg-m_R,R
69210,Kenyon_Cell,KCa'b'-ap2,KCa'b'-ap2_L,L
69223,Kenyon_Cell,KCa'b'-m,KCa'b'-m_L,L
69224,Kenyon_Cell,KCab-m,KCab-m_L,L
69237,Kenyon_Cell,KCg-m,KCg-m_L,L
69264,Kenyon_Cell,KCg-m,KCg-m_L,L
69308,Kenyon_Cell,KCab-s,KCab-s_R,R
69337,Kenyon_Cell,KCab-p,KCab-p_R,R
69347,Kenyon_Cell,KCg-m,KCg-m_R,R
69389,Kenyon_Cell,KCab-s,KCab-s_L,L
69417,Kenyon_Cell,KCg-m,KCg-m_L,L
69426,Kenyon_Cell,KCg-m,KCg-m_L,L
69431,Kenyon_Cell,KCg-m,KCg-m_R,R
69446,Kenyon_Cell,KCab-s,KCab-s_R,R
69472,Kenyon_Cell,KCab-s,KCab-s_R,R
69501,Kenyon_Cell,KCa'b'-m,KCa'b'-m_L,L
69507,Kenyon_Cell,KCab-s,KCab-s_R,R
69508,Kenyon_Cell,KCa'b'-m,KCa'b'-m_R,R
69513,Kenyon_Cell,KCab-s,KCab-s_R,R
69518,Kenyon_Cell,KCab-c,KCab-c_R,R
69538,Kenyon_Cell,KCab-m,KCab-m_L,L
69539,Kenyon_Cell,KCg-m,KCg-m_L,L
69584,Kenyon_Cell,KCab-c,KCab-c_R,R
69603,Kenyon_Cell,KCab-s,KCab-s_L,L
69611,Kenyon_Cell,KCab-m,KCab-m_L,L
69620,Kenyon_Cell,KCg-m,KCg-m_R,R
69649,Kenyon_Cell,KCab-c,KCab-c_R,R
69650,Kenyon_Cell,KCg-m,KCg-m_R,R
69651,Kenyon_Cell,KCab-s,KCab-s_L,L
69664,Kenyon_Cell,KCab-s,KCab-s_R,R
69694,Kenyon_Cell,KCab-s,KCab-s_R,R
69709,Kenyon_Cell,KCab-m,KCab-m_L,L
69713,Kenyon_Cell,KCab-m,KCab-m_L,L
69716,Kenyon_Cell,KCg-m,KCg-m_R,R
69721,Kenyon_Cell,KCa'b'-ap2,KCa'b'-ap2_R,R
69722,DAN,PAM08,PAM08(y4)_L,L
69742,Kenyon_Cell,KCa'b'-m,KCa'b'-m_L,L
69747,Kenyon_Cell,KCa'b'-ap1,KCa'b'-ap1_L,L
69758,Kenyon_Cell,KCab-m,KCab-m_L,L
69775,Kenyon_Cell,KCab-s,KCab-s_R,R
69842,Kenyon_Cell,KCa'b'-ap1,KCa'b'-ap1_R,R
69854,Kenyon_Cell,KCg-m,KCg-m_L,L
69855,Kenyon_Cell,KCg-m,KCg-m_L,L
69859,Kenyon_Cell,KCg-m,KCg-m_R,R
69885,Kenyon_Cell,KCg-d,KCg-d_L,L
69905,Kenyon_Cell,KCab-s,KCab-s_L,L
69956,Kenyon_Cell,KCa'b'-ap1,KCa'b'-ap1_R,R
69967,Kenyon_Cell,KCg-m,KCg-m_R,R
69973,Kenyon_Cell,KCab-c,KCab-c_R,R
69987,Kenyon_Cell,KCab-s,KCab-s_R,R
70022,Kenyon_Cell,KCg-m,KCg-m_R,R
70029,Kenyon_Cell,KCg-m,KCg-m_R,R
70030,Kenyon_Cell,KCg-m,KCg-m_R,R
70111,Kenyon_Cell,KCab-s,KCab-s_L,L
70124,Kenyon_Cell,KCab-s,KCab-s_R,R
70143,Kenyon_Cell,KCg-m,KCg-m_L,L
70175,Kenyon_Cell,KCa'b'-ap1,KCa'b'-ap1_R,R
70185,Kenyon_Cell,KCa'b'-ap2,KCa'b'-ap2_R,R
70193,Kenyon_Cell,KCa'b'-ap2,KCa'b'-ap2_R,R
70211,Kenyon_Cell,KCab-m,KCab-m_L,L
70223,Kenyon_Cell,KCg-m,KCg-m_L,L
70235,Kenyon_Cell,KCg-m,KCg-m_R,R
70261,Kenyon_Cell,KCab-c,KCab-c_L,L
70271,Kenyon_Cell,KCg-m,KCg-m_L,L
70282,Kenyon_Cell,KCa'b'-m,KCa'b'-m_L,L
70283,Kenyon_Cell,KCg-m,KCg-m_R,R
70312,Kenyon_Cell,KCg-m,KCg-m_R,R
70322,Kenyon_Cell,KCg-m,KCg-m_L,L
70324,Kenyon_Cell,KCg-m,KCg-m_R,R
70336,Kenyon_Cell,KCab-c,KCab-c_R,R
70378,Kenyon_Cell,KCab-s,KCab-s_R,R
70380,Kenyon_Cell,KCab-c,KCab-c_R,R
70396,Kenyon_Cell,KCab-s,KCab-s_R,R
70445,Kenyon_Cell,KCg-m,KCg-m_R,R
70457,Kenyon_Cell,KCa'b'-ap1,KCa'b'-ap1_L,L
70477,Kenyon_Cell,KCab-m,KCab-m_R,R
70489,Kenyon_Cell,KCg-m,KCg-m_R,R
70501,Kenyon_Cell,KCab-c,KCab-c_R,R
70509,Kenyon_Cell,KCg-m,KCg-m_R,R
70513,Kenyon_Cell,KCa'b'-ap2,KCa'b'-ap2_R,R
70526,Kenyon_Cell,KCg-m,KCg-m_R,R
70553,Kenyon_Cell,KCg-m,KCg-m_R,R
70614,Kenyon_Cell,KCg-m,KCg-m_L,L
70690,Kenyon_Cell,KCab-m,KCab-m_L,L
70740,Kenyon_Cell,KCg-m,KCg-m_L,L
70747,Kenyon_Cell,KCab-p,KCab-p_R,R
70816,Kenyon_Cell,KCa'b'-ap2,KCa'b'-ap2_R,R
70902,Kenyon_Cell,KCab-s,KCab-s_R,R
70909,Kenyon_Cell,KCab-m,KCab-m_R,R
70924,MBON,MBON10,MBON10(B'1)_L,L
70928,Kenyon_Cell,KCg-m,KCg-m_R,R
70950,Kenyon_Cell,KCab-m,KCab-m_L,L
70952,Kenyon_Cell,KCg-m,KCg-m_R,R
70993,Kenyon_Cell,KCab-c,KCab-c_R,R
71008,Kenyon_Cell,KCab-m,KCab-m_R,R
71028,Kenyon_Cell,KCg-m,KCg-m_R,R
71030,Kenyon_Cell,KCab-s,KCab-s_L,L
71033,Kenyon_Cell,KCg-m,KCg-m_R,R
71039,Kenyon_Cell,KCab-m,KCab-m_R,R
71053,Kenyon_Cell,KCa'b'-ap1,KCa'b'-ap1_R,R
71088,Kenyon_Cell,KCab-s,KCab-s_R,R
71095,Kenyon_Cell,KCa'b'-ap1,KCa'b'-ap1_L,L
71120,Kenyon_Cell,KCab-s,KCab-s_R,R
71121,Kenyon_Cell,KCg-m,KCg-m_R,R
71127,Kenyon_Cell,KCab-c,KCab-c_R,R
71128,Kenyon_Cell,KCab-c,KCab-c_L,L
71166,Kenyon_Cell,KCg-m,KCg-m_L,L
71189,Kenyon_Cell,KCab-c,KCab-c_R,R
71317,Kenyon_Cell,KCg-m,KCg-m_L,L
71326,Kenyon_Cell,KCab-s,KCab-s_L,L
71366,Kenyon_Cell,KCab-s,KCab-s_R,R
71406,Kenyon_Cell,KCg-m,KCg-m_L,L
71469,Kenyon_Cell,KCab-m,KCab-m_L,L
71474,Kenyon_Cell,KCg-m,KCg-m_L,L
71486,Kenyon_Cell,KCg-d,KCg-d_R,R
71494,Kenyon_Cell,KCab-s,KCab-s_R,R
71501,Kenyon_Cell,KCab-s,KCab-s_L,L
71512,Kenyon_Cell,KCab-c,KCab-c_R,R
71530,Kenyon_Cell,KCa'b'-ap2,KCa'b'-ap2_L,L
71610,Kenyon_Cell,KCab-m,KCab-m_L,L
71618,Kenyon_Cell,KCg-m,KCg-m_L,L
71627,Kenyon_Cell,KCab-s,KCab-s_R,R
71676,Kenyon_Cell,KCab-s,KCab-s_R,R
71688,Kenyon_Cell,KCg-d,KCg-d_R,R
71691,Kenyon_Cell,KCab-c,KCab-c_R,R
71770,Kenyon_Cell,KCg-m,KCg-m_R,R
71800,Kenyon_Cell,KCa'b'-ap2,KCa'b'-ap2_R,R
71814,Kenyon_Cell,KCa'b'-ap2,KCa'b'-ap2_R,R
71840,Kenyon_Cell,KCa'b'-ap2,KCa'b'-ap2_R,R
71902,Kenyon_Cell,KCg-m,KCg-m_R,R
71907,Kenyon_Cell,KCab-m,KCab-m_L,L
71908,Kenyon_Cell,KCa'b'-m,KCa'b'-m_R,R
71970,Kenyon_Cell,KCab-s,KCab-s_L,L
72002,Kenyon_Cell,KCg-m,KCg-m_L,L
72032,Kenyon_Cell,KCg-m,KCg-m_R,R
72049,Kenyon_Cell,KCg-m,KCg-m_R,R
72097,Kenyon_Cell,KCg-m,KCg-m_L,L
72111,Kenyon_Cell,KCg-m,KCg-m_R,R
72116,Kenyon_Cell,KCg-m,KCg-m_L,L
72141,Kenyon_Cell,KCg-m,KCg-m_R,R
72166,Kenyon_Cell,KCab-m,KCab-m_R,R
72195,Kenyon_Cell,KCa'b'-ap1,KCa'b'-ap1_R,R
72196,Kenyon_Cell,KCa'b'-ap2,KCa'b'-ap2_L,L
72201,Kenyon_Cell,KCab-c,KCab-c_L,L
72230,Kenyon_Cell,KCg-d,KCg-d_R,R
72234,Kenyon_Cell,KCab-s,KCab-s_R,R
72239,Kenyon_Cell,KCab-s,KCab-s_R,R
72242,Kenyon_Cell,KCa'b'-ap2,KCa'b'-ap2_L,L
72299,Kenyon_Cell,KCab-c,KCab-c_R,R
72344,Kenyon_Cell,KCa'b'-ap2,KCa'b'-ap2_R,R
72350,Kenyon_Cell,KCg-m,KCg-m_L,L
72359,Kenyon_Cell,KCab-s,KCab-s_R,R
72362,Kenyon_Cell,KCa'b'-m,KCa'b'-m_R,R
72375,Kenyon_Cell,KCab-m,KCab-m_R,R
72387,Kenyon_Cell,KCg-m,KCg-m_R,R
72433,Kenyon_Cell,KCab-c,KCab-c_R,R
72438,Kenyon_Cell,KCab-p,KCab-p_R,R
72495,Kenyon_Cell,KCab-s,KCab-s_R,R
72512,Kenyon_Cell,KCg-d,KCg-d_R,R
72516,Kenyon_Cell,KCab-m,KCab-m_L,L
72523,Kenyon_Cell,KCg-m,KCg-m_R,R
72538,Kenyon_Cell,KCab-s,KCab-s_R,R
72559,Kenyon_Cell,KCab-s,KCab-s_L,L
72601,DAN,PAM06,PAM06(B'2m)_L,L
72604,Kenyon_Cell,KCg-m,KCg-m_L,L
72606,Kenyon_Cell,KCg-m,KCg-m_L,L
72610,Kenyon_Cell,KCab-m,KCab-m_L,L
72643,Kenyon_Cell,KCg-m,KCg-m_R,R
72645,Kenyon_Cell,KCab-s,KCab-s_R,R
72678,Kenyon_Cell,KCg-m,KCg-m_L,L
72681,Kenyon_Cell,KCab-m,KCab-m_L,L
72684,Kenyon_Cell,KCg-m,KCg-m_L,L
72693,Kenyon_Cell,KCa'b'-ap2,KCa'b'-ap2_R,R
72694,Kenyon_Cell,KCa'b'-m,KCa'b'-m_R,R
72695,Kenyon_Cell,KCg-m,KCg-m_R,R
72723,Kenyon_Cell,KCa'b'-ap2,KCa'b'-ap2_L,L
72755,Kenyon_Cell,KCa'b'-ap2,KCa'b'-ap2_R,R
72854,Kenyon_Cell,KCg-m,KCg-m_L,L
72855,Kenyon_Cell,KCab-s,KCab-s_L,L
72865,Kenyon_Cell,KCa'b'-ap2,KCa'b'-ap2_R,R
72913,Kenyon_Cell,KCab-s,KCab-s_R,R
72916,Kenyon_Cell,KCg-m,KCg-m_R,R
72939,Kenyon_Cell,KCg-m,KCg-m_R,R
72978,Kenyon_Cell,KCab-s,KCab-s_R,R
73006,Kenyon_Cell,KCab-s,KCab-s_R,R
73013,Kenyon_Cell,KCg-m,KCg-m_L,L
73039,Kenyon_Cell,KCa'b'-ap2,KCa'b'-ap2_R,R
73125,Kenyon_Cell,KCg-m,KCg-m_L,L
73146,Kenyon_Cell,KCa'b'-ap2,KCa'b'-ap2_L,L
73161,Kenyon_Cell,KCg-m,KCg-m_R,R
73191,Kenyon_Cell,KCab-s,KCab-s_R,R
73195,Kenyon_Cell,KCg-m,KCg-m_R,R
73196,Kenyon_Cell,KCg-m,KCg-m_L,L
73197,Kenyon_Cell,KCg-m,KCg-m_L,L
73227,Kenyon_Cell,KCg-d,KCg-d_R,R
73248,Kenyon_Cell,KCab-c,KCab-c_R,R
73296,Kenyon_Cell,KCg-m,KCg-m_R,R
73306,Kenyon_Cell,KCab-s,KCab-s_R,R
73335,Kenyon_Cell,KCg-m,KCg-m_L,L
73337,Kenyon_Cell,KCab-m,KCab-m_L,L
73354,Kenyon_Cell,KCg-m,KCg-m_L,L
73442,Kenyon_Cell,KCab-m,KCab-m_R,R
73453,Kenyon_Cell,KCa'b'-ap2,KCa'b'-ap2_L,L
73457,Kenyon_Cell,KCg-m,KCg-m_R,R
73487,Kenyon_Cell,KCab-m,KCab-m_R,R
73508,Kenyon_Cell,KCab-c,KCab-c_R,R
73570,Kenyon_Cell,KCab-c,KCab-c_R,R
73583,Kenyon_Cell,KCa'b'-m,KCa'b'-m_R,R
73588,Kenyon_Cell,KCab-s,KCab-s_R,R
73645,Kenyon_Cell,KCab-m,KCab-m_R,R
73650,Kenyon_Cell,KCa'b'-m,KCa'b'-m_L,L
73721,Kenyon_Cell,KCab-s,KCab-s_R,R
73742,Kenyon_Cell,KCab-c,KCab-c_R,R
73744,Kenyon_Cell,KCg-m,KCg-m_L,L
73750,Kenyon_Cell,KCg-m,KCg-m_R,R
73783,Kenyon_Cell,KCg-m,KCg-m_L,L
73814,Kenyon_Cell,KCg-m,KCg-m_R,R
73850,Kenyon_Cell,KCg-m,KCg-m_R,R
73970,Kenyon_Cell,KCg-m,KCg-m_L,L
74016,Kenyon_Cell,KCab-m,KCab-m_L,L
74064,Kenyon_Cell,KCa'b'-ap2,KCa'b'-ap2_L,L
74094,Kenyon_Cell,KCg-d,KCg-d_R,R
74103,Kenyon_Cell,KCab-m,KCab-m_R,R
74106,Kenyon_Cell,KCab-m,KCab-m_R,R
74110,Kenyon_Cell,KCg-m,KCg-m_L,L
74116,Kenyon_Cell,KCa'b'-m,KCa'b'-m_L,L
74135,Kenyon_Cell,KCab-s,KCab-s_R,R
74141,Kenyon_Cell,KCa'b'-m,KCa'b'-m_R,R
74190,Kenyon_Cell,KCg-m,KCg-m_R,R
74203,Kenyon_Cell,KCg-m,KCg-m_L,L
74222,Kenyon_Cell,KCg-m,KCg-m_L,L
74239,Kenyon_Cell,KCa'b'-ap2,KCa'b'-ap2_R,R
74260,Kenyon_Cell,KCg-m,KCg-m_R,R
74269,Kenyon_Cell,KCg-d,KCg-d_R,R
74289,Kenyon_Cell,KCab-m,KCab-m_L,L
74301,Kenyon_Cell,KCab-m,KCab-m_R,R
74307,Kenyon_Cell,KCa'b'-ap2,KCa'b'-ap2_R,R
74328,Kenyon_Cell,KCab-c,KCab-c_R,R
74362,Kenyon_Cell,KCg-d,KCg-d_L,L
74368,Kenyon_Cell,KCg-m,KCg-m_R,R
74380,Kenyon_Cell,KCa'b'-ap1,KCa'b'-ap1_R,R
74403,Kenyon_Cell,KCg-m,KCg-m_R,R
74421,Kenyon_Cell,KCab-c,KCab-c_R,R
74434,Kenyon_Cell,KCg-m,KCg-m_L,L
74461,Kenyon_Cell,KCab-m,KCab-m_R,R
74518,Kenyon_Cell,KCab-s,KCab-s_L,L
74531,Kenyon_Cell,KCa'b'-m,KCa'b'-m_L,L
74542,Kenyon_Cell,KCg-d,KCg-d_R,R
74548,Kenyon_Cell,KCa'b'-ap1,KCa'b'-ap1_R,R
74549,Kenyon_Cell,KCab-s,KCab-s_L,L
74553,Kenyon_Cell,KCab-m,KCab-m_R,R
74568,Kenyon_Cell,KCab-c,KCab-c_R,R
74610,Kenyon_Cell,KCab-c,KCab-c_L,L
74620,Kenyon_Cell,KCab-m,KCab-m_L,L
74623,Kenyon_Cell,KCa'b'-ap2,KCa'b'-ap2_R,R
74663,Kenyon_Cell,KCa'b'-ap1,KCa'b'-ap1_L,L
74665,Kenyon_Cell,KCa'b'-ap2,KCa'b'-ap2_R,R
74668,Kenyon_Cell,KCa'b'-ap1,KCa'b'-ap1_R,R
74682,Kenyon_Cell,KCab-s,KCab-s_R,R
74683,Kenyon_Cell,KCa'b'-ap2,KCa'b'-ap2_R,R
74698,Kenyon_Cell,KCg-m,KCg-m_L,L
74708,Kenyon_Cell,KCg-m,KCg-m_L,L
74721,Kenyon_Cell,KCab-s,KCab-s_R,R
74740,Kenyon_Cell,KCab-s,KCab-s_R,R
74743,DAN,PAM08,PAM08(y4)_L,L
74760,Kenyon_Cell,KCab-c,KCab-c_L,L
74803,Kenyon_Cell,KCab-s,KCab-s_R,R
74812,Kenyon_Cell,KCab-s,KCab-s_R,R
74851,Kenyon_Cell,KCab-m,KCab-m_R,R
74856,DAN,PAM01,PAM01(y5)_L,L
74869,Kenyon_Cell,KCab-s,KCab-s_R,R
74899,Kenyon_Cell,KCab-m,KCab-m_R,R
74926,Kenyon_Cell,KCg-m,KCg-m_L,L
74992,Kenyon_Cell,KCg-m,KCg-m_L,L
75029,Kenyon_Cell,KCg-m,KCg-m_R,R
75031,Kenyon_Cell,KCa'b'-ap1,KCa'b'-ap1_R,R
75042,Kenyon_Cell,KCab-c,KCab-c_L,L
75045,Kenyon_Cell,KCg-m,KCg-m_R,R
75050,Kenyon_Cell,KCab-s,KCab-s_R,R
75053,Kenyon_Cell,KCa'b'-ap2,KCa'b'-ap2_L,L
75058,Kenyon_Cell,KCab-c,KCab-c_L,L
75066,Kenyon_Cell,KCab-c,KCab-c_R,R
75070,Kenyon_Cell,KCg-m,KCg-m_L,L
75072,Kenyon_Cell,KCg-m,KCg-m_R,R
75075,Kenyon_Cell,KCa'b'-ap2,KCa'b'-ap2_R,R
75106,Kenyon_Cell,KCab-c,KCab-c_R,R
75122,Kenyon_Cell,KCa'b'-ap2,KCa'b'-ap2_R,R
75149,Kenyon_Cell,KCab-s,KCab-s_R,R
75155,Kenyon_Cell,KCab-m,KCab-m_L,L
75181,Kenyon_Cell,KCab-s,KCab-s_L,L
75185,Kenyon_Cell,KCa'b'-ap2,KCa'b'-ap2_L,L
75216,Kenyon_Cell,KCa'b'-m,KCa'b'-m_R,R
75225,Kenyon_Cell,KCa'b'-ap1,KCa'b'-ap1_L,L
75260,Kenyon_Cell,KCa'b'-ap1,KCa'b'-ap1_R,R
75265,Kenyon_Cell,KCa'b'-ap1,KCa'b'-ap1_R,R
75288,Kenyon_Cell,KCg-m,KCg-m_R,R
75300,Kenyon_Cell,KCab-s,KCab-s_R,R
75310,Kenyon_Cell,KCg-m,KCg-m_L,L
75312,Kenyon_Cell,KCg-m,KCg-m_L,L
75347,Kenyon_Cell,KCg-m,KCg-m_L,L
75368,Kenyon_Cell,KCg-m,KCg-m_L,L
75384,Kenyon_Cell,KCab-s,KCab-s_R,R
75428,Kenyon_Cell,KCab-m,KCab-m_L,L
75446,Kenyon_Cell,KCab-s,KCab-s_L,L
75507,Kenyon_Cell,KCab-c,KCab-c_R,R
75513,Kenyon_Cell,KCg-m,KCg-m_L,L
75578,Kenyon_Cell,KCa'b'-ap2,KCa'b'-ap2_R,R
75597,Kenyon_Cell,KCg-m,KCg-m_L,L
75611,Kenyon_Cell,KCa'b'-ap2,KCa'b'-ap2_L,L
75650,Kenyon_Cell,KCa'b'-ap1,KCa'b'-ap1_L,L
75652,Kenyon_Cell,KCg-m,KCg-m_R,R
75718,Kenyon_Cell,KCa'b'-ap1,KCa'b'-ap1_R,R
75756,Kenyon_Cell,KCa'b'-ap1,KCa'b'-ap1_L,L
75758,Kenyon_Cell,KCg-m,KCg-m_L,L
75774,Kenyon_Cell,KCg-m,KCg-m_R,R
75780,Kenyon_Cell,KCa'b'-ap1,KCa'b'-ap1_L,L
75782,Kenyon_Cell,KCa'b'-ap1,KCa'b'-ap1_L,L
75802,Kenyon_Cell,KCab-c,KCab-c_R,R
75830,Kenyon_Cell,KCg-m,KCg-m_L,L
75880,Kenyon_Cell,KCg-m,KCg-m_R,R
75882,Kenyon_Cell,KCab-s,KCab-s_R,R
75907,Kenyon_Cell,KCg-m,KCg-m_L,L
75908,Kenyon_Cell,KCab-m,KCab-m_L,L
75922,DAN,PAM08,PAM08(y4)_L,L
75942,Kenyon_Cell,KCab-s,KCab-s_L,L
75958,Kenyon_Cell,KCab-m,KCab-m_L,L
75964,Kenyon_Cell,KCab-s,KCab-s_L,L
75968,Kenyon_Cell,KCab-m,KCab-m_L,L
75997,Kenyon_Cell,KCab-s,KCab-s_R,R
76005,Kenyon_Cell,KCab-c,KCab-c_R,R
76009,Kenyon_Cell,KCab-s,KCab-s_L,L
76023,Kenyon_Cell,KCg-d,KCg-d_R,R
76056,Kenyon_Cell,KCa'b'-ap2,KCa'b'-ap2_L,L
76063,Kenyon_Cell,KCg-m,KCg-m_R,R
76069,Kenyon_Cell,KCa'b'-ap2,KCa'b'-ap2_L,L
76072,Kenyon_Cell,KCab-s,KCab-s_L,L
76076,Kenyon_Cell,KCg-d,KCg-d_R,R
76085,Kenyon_Cell,KCg-m,KCg-m_L,L
76091,Kenyon_Cell,KCab-p,KCab-p_L,L
76122,Kenyon_Cell,KCg-m,KCg-m_L,L
76203,Kenyon_Cell,KCa'b'-ap1,KCa'b'-ap1_L,L
76265,Kenyon_Cell,KCab-m,KCab-m_R,R
76271,Kenyon_Cell,KCab-s,KCab-s_R,R
76272,Kenyon_Cell,KCab-c,KCab-c_R,R
76287,Kenyon_Cell,KCa'b'-m,KCa'b'-m_L,L
76299,Kenyon_Cell,KCa'b'-ap2,KCa'b'-ap2_L,L
76309,Kenyon_Cell,KCg-m,KCg-m_L,L
76317,Kenyon_Cell,KCg-m,KCg-m_R,R
76352,Kenyon_Cell,KCa'b'-ap2,KCa'b'-ap2_L,L
76354,Kenyon_Cell,KCa'b'-ap2,KCa'b'-ap2_R,R
76362,DAN,PAM08,PAM08(y4)_L,L
76370,Kenyon_Cell,KCa'b'-ap2,KCa'b'-ap2_L,L
76429,Kenyon_Cell,KCa'b'-ap1,KCa'b'-ap1_R,R
76431,Kenyon_Cell,KCg-m,KCg-m_L,L
76436,Kenyon_Cell,KCab-s,KCab-s_R,R
76443,Kenyon_Cell,KCg-m,KCg-m_R,R
76444,Kenyon_Cell,KCab-c,KCab-c_R,R
76455,Kenyon_Cell,KCg-d,KCg-d_L,L
76476,Kenyon_Cell,KCg-m,KCg-m_L,L
76488,Kenyon_Cell,KCg-m,KCg-m_L,L
76493,Kenyon_Cell,KCg-m,KCg-m_R,R
76508,Kenyon_Cell,KCg-m,KCg-m_L,L
76523,Kenyon_Cell,KCab-s,KCab-s_R,R
76531,Kenyon_Cell,KCab-c,KCab-c_R,R
76564,Kenyon_Cell,KCg-m,KCg-m_L,L
76566,Kenyon_Cell,KCab-m,KCab-m_L,L
76582,Kenyon_Cell,KCab-s,KCab-s_R,R
76585,MBON,MBON25-like,MBON25-like(y2)_R,R
76587,Kenyon_Cell,KCg-m,KCg-m_R,R
76593,Kenyon_Cell,KCab-s,KCab-s_R,R
76594,Kenyon_Cell,KCab-m,KCab-m_L,L
76605,Kenyon_Cell,KCab-m,KCab-m_L,L
76608,Kenyon_Cell,KCab-m,KCab-m_L,L
76615,Kenyon_Cell,KCab-m,KCab-m_R,R
76648,Kenyon_Cell,KCab-s,KCab-s_R,R
76660,Kenyon_Cell,KCab-s,KCab-s_R,R
76665,Kenyon_Cell,KCa'b'-m,KCa'b'-m_L,L
76676,Kenyon_Cell,KCab-m,KCab-m_L,L
76688,Kenyon_Cell,KCab-p,KCab-p_L,L
76702,Kenyon_Cell,KCab-p,KCab-p_R,R
76727,Kenyon_Cell,KCab-m,KCab-m_L,L
76750,Kenyon_Cell,KCab-s,KCab-s_R,R
76774,Kenyon_Cell,KCab-m,KCab-m_L,L
76807,Kenyon_Cell,KCab-c,KCab-c_R,R
76811,Kenyon_Cell,KCab-s,KCab-s_R,R
76837,Kenyon_Cell,KCg-m,KCg-m_R,R
76850,Kenyon_Cell,KCa'b'-ap1,KCa'b'-ap1_L,L
76862,Kenyon_Cell,KCab-s,KCab-s_R,R
76867,Kenyon_Cell,KCa'b'-ap2,KCa'b'-ap2_R,R
76889,Kenyon_Cell,KCa'b'-ap1,KCa'b'-ap1_L,L
76898,Kenyon_Cell,KCab-s,KCab-s_R,R
76933,Kenyon_Cell,KCa'b'-ap2,KCa'b'-ap2_L,L
76949,Kenyon_Cell,KCg-m,KCg-m_L,L
76973,Kenyon_Cell,KCg-m,KCg-m_R,R
76984,Kenyon_Cell,KCab-p,KCab-p_R,R
77022,Kenyon_Cell,KCab-c,KCab-c_R,R
77054,Kenyon_Cell,KCg-m,KCg-m_R,R
77060,Kenyon_Cell,KCa'b'-ap2,KCa'b'-ap2_R,R
77068,Kenyon_Cell,KCa'b'-m,KCa'b'-m_L,L
77076,Kenyon_Cell,KCab-s,KCab-s_L,L
77093,Kenyon_Cell,KCg-m,KCg-m_L,L
77108,Kenyon_Cell,KCg-m,KCg-m_L,L
77126,Kenyon_Cell,KCg-m,KCg-m_R,R
77131,Kenyon_Cell,KCab-c,KCab-c_R,R
77132,Kenyon_Cell,KCg-m,KCg-m_R,R
77158,Kenyon_Cell,KCg-m,KCg-m_R,R
77164,Kenyon_Cell,KCab-c,KCab-c_R,R
77199,Kenyon_Cell,KCa'b'-m,KCa'b'-m_R,R
77219,Kenyon_Cell,KCab-s,KCab-s_R,R
77281,Kenyon_Cell,KCg-m,KCg-m_R,R
77324,Kenyon_Cell,KCab-c,KCab-c_R,R
77367,Kenyon_Cell,KCg-m,KCg-m_L,L
77382,Kenyon_Cell,KCab-m,KCab-m_R,R
77390,Kenyon_Cell,KCab-s,KCab-s_R,R
77409,Kenyon_Cell,KCa'b'-ap1,KCa'b'-ap1_L,L
77433,Kenyon_Cell,KCab-s,KCab-s_R,R
77442,Kenyon_Cell,KCg-m,KCg-m_R,R
77449,Kenyon_Cell,KCg-m,KCg-m_R,R
77451,Kenyon_Cell,KCg-m,KCg-m_R,R
77454,Kenyon_Cell,KCg-m,KCg-m_L,L
77479,Kenyon_Cell,KCg-m,KCg-m_R,R
77505,Kenyon_Cell,KCab-m,KCab-m_L,L
77523,Kenyon_Cell,KCg-m,KCg-m_R,R
77539,Kenyon_Cell,KCa'b'-ap2,KCa'b'-ap2_L,L
77628,Kenyon_Cell,KCg-m,KCg-m_L,L
77631,Kenyon_Cell,KCg-m,KCg-m_L,L
77637,Kenyon_Cell,KCg-m,KCg-m_R,R
77679,Kenyon_Cell,KCa'b'-ap1,KCa'b'-ap1_R,R
77719,Kenyon_Cell,KCg-m,KCg-m_L,L
77729,Kenyon_Cell,KCab-s,KCab-s_R,R
77735,Kenyon_Cell,KCab-c,KCab-c_R,R
77755,Kenyon_Cell,KCa'b'-ap1,KCa'b'-ap1_R,R
77760,Kenyon_Cell,KCab-s,KCab-s_R,R
77790,Kenyon_Cell,KCab-c,KCab-c_R,R
77810,Kenyon_Cell,KCab-m,KCab-m_R,R
77858,Kenyon_Cell,KCa'b'-m,KCa'b'-m_L,L
77914,Kenyon_Cell,KCab-s,KCab-s_L,L
77975,Kenyon_Cell,KCg-m,KCg-m_R,R
78013,Kenyon_Cell,KCab-s,KCab-s_R,R
78060,Kenyon_Cell,KCab-s,KCab-s_R,R
78066,Kenyon_Cell,KCg-m,KCg-m_L,L
78073,Kenyon_Cell,KCa'b'-ap1,KCa'b'-ap1_L,L
78097,Kenyon_Cell,KCab-s,KCab-s_R,R
78118,Kenyon_Cell,KCab-c,KCab-c_L,L
78147,Kenyon_Cell,KCa'b'-ap2,KCa'b'-ap2_R,R
78150,Kenyon_Cell,KCa'b'-m,KCa'b'-m_L,L
78155,Kenyon_Cell,KCab-c,KCab-c_R,R
78189,Kenyon_Cell,KCa'b'-m,KCa'b'-m_L,L
78194,Kenyon_Cell,KCa'b'-m,KCa'b'-m_L,L
78203,Kenyon_Cell,KCab-s,KCab-s_R,R
78222,Kenyon_Cell,KCab-m,KCab-m_L,L
78234,Kenyon_Cell,KCab-s,KCab-s_R,R
78251,Kenyon_Cell,KCg-m,KCg-m_R,R
78261,Kenyon_Cell,KCab-m,KCab-m_L,L
78356,Kenyon_Cell,KCab-s,KCab-s_R,R
78359,Kenyon_Cell,KCa'b'-ap2,KCa'b'-ap2_R,R
78361,Kenyon_Cell,KCg-m,KCg-m_R,R
78363,Kenyon_Cell,KCab-m,KCab-m_L,L
78379,Kenyon_Cell,KCa'b'-ap2,KCa'b'-ap2_R,R
78458,Kenyon_Cell,KCg-m,KCg-m_R,R
78476,Kenyon_Cell,KCab-c,KCab-c_L,L
78480,Kenyon_Cell,KCa'b'-ap2,KCa'b'-ap2_R,R
78483,Kenyon_Cell,KCg-m,KCg-m_L,L
78494,Kenyon_Cell,KCab-c,KCab-c_R,R
78512,Kenyon_Cell,KCa'b'-ap2,KCa'b'-ap2_L,L
78514,Kenyon_Cell,KCg-m,KCg-m_L,L
78531,Kenyon_Cell,KCab-m,KCab-m_R,R
78544,Kenyon_Cell,KCab-s,KCab-s_R,R
78589,Kenyon_Cell,KCab-s,KCab-s_R,R
78747,Kenyon_Cell,KCab-s,KCab-s_L,L
78768,Kenyon_Cell,KCg-d,KCg-d_R,R
78772,Kenyon_Cell,KCab-c,KCab-c_R,R
78803,Kenyon_Cell,KCab-s,KCab-s_R,R
78811,Kenyon_Cell,KCg-m,KCg-m_R,R
78858,Kenyon_Cell,KCg-m,KCg-m_R,R
78862,Kenyon_Cell,KCg-m,KCg-m_L,L
78872,Kenyon_Cell,KCg-m,KCg-m_L,L
78880,Kenyon_Cell,KCg-m,KCg-m_L,L
78909,Kenyon_Cell,KCab-c,KCab-c_R,R
78920,Kenyon_Cell,KCg-m,KCg-m_R,R
78924,Kenyon_Cell,KCab-s,KCab-s_R,R
78928,Kenyon_Cell,KCab-s,KCab-s_R,R
78946,Kenyon_Cell,KCab-s,KCab-s_R,R
78959,Kenyon_Cell,KCab-m,KCab-m_R,R
78984,Kenyon_Cell,KCab-s,KCab-s_R,R
78992,Kenyon_Cell,KCg-m,KCg-m_L,L
78997,Kenyon_Cell,KCa'b'-m,KCa'b'-m_R,R
79013,Kenyon_Cell,KCab-m,KCab-m_L,L
79038,Kenyon_Cell,KCab-c,KCab-c_R,R
79052,Kenyon_Cell,KCa'b'-ap1,KCa'b'-ap1_L,L
79092,Kenyon_Cell,KCab-c,KCab-c_R,R
79184,Kenyon_Cell,KCab-p,KCab-p_R,R
79199,Kenyon_Cell,KCa'b'-ap2,KCa'b'-ap2_R,R
79203,Kenyon_Cell,KCab-c,KCab-c_R,R
79218,Kenyon_Cell,KCab-c,KCab-c_L,L
79224,Kenyon_Cell,KCa'b'-m,KCa'b'-m_L,L
79275,Kenyon_Cell,KCg-m,KCg-m_L,L
79299,Kenyon_Cell,KCab-s,KCab-s_L,L
79362,Kenyon_Cell,KCg-s3,KCg-s3_R,R
79364,Kenyon_Cell,KCa'b'-ap1,KCa'b'-ap1_R,R
79372,Kenyon_Cell,KCg-m,KCg-m_R,R
79419,Kenyon_Cell,KCg-d,KCg-d_L,L
79444,Kenyon_Cell,KCg-m,KCg-m_R,R
79476,Kenyon_Cell,KCa'b'-ap1,KCa'b'-ap1_R,R
79504,Kenyon_Cell,KCab-c,KCab-c_R,R
79508,Kenyon_Cell,KCab-s,KCab-s_R,R
79522,Kenyon_Cell,KCab-p,KCab-p_R,R
79536,Kenyon_Cell,KCab-s,KCab-s_R,R
79562,Kenyon_Cell,KCab-c,KCab-c_R,R
79590,Kenyon_Cell,KCab-c,KCab-c_R,R
79622,Kenyon_Cell,KCg-m,KCg-m_L,L
79653,Kenyon_Cell,KCg-m,KCg-m_R,R
79656,Kenyon_Cell,KCa'b'-ap2,KCa'b'-ap2_L,L
79684,Kenyon_Cell,KCa'b'-m,KCa'b'-m_R,R
79690,Kenyon_Cell,KCg-m,KCg-m_L,L
79735,Kenyon_Cell,KCab-c,KCab-c_R,R
79761,Kenyon_Cell,KCg-m,KCg-m_L,L
79776,Kenyon_Cell,KCg-m,KCg-m_L,L
79777,Kenyon_Cell,KCab-c,KCab-c_R,R
79783,Kenyon_Cell,KCg-m,KCg-m_L,L
79793,Kenyon_Cell,KCa'b'-m,KCa'b'-m_L,L
79795,Kenyon_Cell,KCab-m,KCab-m_L,L
79821,Kenyon_Cell,KCab-s,KCab-s_R,R
79831,Kenyon_Cell,KCab-c,KCab-c_L,L
79832,Kenyon_Cell,KCg-m,KCg-m_R,R
79846,Kenyon_Cell,KCa'b'-m,KCa'b'-m_R,R
79860,Kenyon_Cell,KCa'b'-m,KCa'b'-m_R,R
79877,Kenyon_Cell,KCab-c,KCab-c_R,R
79893,Kenyon_Cell,KCa'b'-ap2,KCa'b'-ap2_L,L
79899,Kenyon_Cell,KCa'b'-ap2,KCa'b'-ap2_R,R
79911,Kenyon_Cell,KCab-m,KCab-m_L,L
79920,Kenyon_Cell,KCab-c,KCab-c_R,R
79931,Kenyon_Cell,KCg-m,KCg-m_R,R
79945,Kenyon_Cell,KCab-c,KCab-c_R,R
79950,Kenyon_Cell,KCg-m,KCg-m_L,L
79972,Kenyon_Cell,KCab-m,KCab-m_R,R
80009,Kenyon_Cell,KCab-c,KCab-c_R,R
80013,Kenyon_Cell,KCab-s,KCab-s_R,R
80027,Kenyon_Cell,KCg-m,KCg-m_R,R
80076,Kenyon_Cell,KCab-m,KCab-m_L,L
80079,Kenyon_Cell,KCg-m,KCg-m_R,R
80082,Kenyon_Cell,KCab-s,KCab-s_R,R
80083,Kenyon_Cell,KCg-m,KCg-m_R,R
80094,Kenyon_Cell,KCg-m,KCg-m_L,L
80123,Kenyon_Cell,KCg-m,KCg-m_R,R
80128,Kenyon_Cell,KCg-s4,KCg-s4_R,R
80131,Kenyon_Cell,KCab-s,KCab-s_R,R
80143,Kenyon_Cell,KCg-m,KCg-m_L,L
80155,Kenyon_Cell,KCab-s,KCab-s_R,R
80168,Kenyon_Cell,KCab-c,KCab-c_R,R
80172,Kenyon_Cell,KCab-s,KCab-s_R,R
80201,Kenyon_Cell,KCab-s,KCab-s_R,R
80274,Kenyon_Cell,KCa'b'-m,KCa'b'-m_L,L
80309,Kenyon_Cell,KCab-m,KCab-m_L,L
80325,Kenyon_Cell,KCg-m,KCg-m_L,L
80348,Kenyon_Cell,KCab-m,KCab-m_L,L
80380,Kenyon_Cell,KCg-m,KCg-m_L,L
80382,Kenyon_Cell,KCab-c,KCab-c_R,R
80395,Kenyon_Cell,KCab-c,KCab-c_L,L
80397,Kenyon_Cell,KCg-m,KCg-m_R,R
80409,Kenyon_Cell,KCab-m,KCab-m_L,L
80532,Kenyon_Cell,KCg-m,KCg-m_L,L
80539,Kenyon_Cell,KCab-s,KCab-s_R,R
80543,Kenyon_Cell,KCab-p,KCab-p_R,R
80562,Kenyon_Cell,KCab-s,KCab-s_R,R
80566,Kenyon_Cell,KCa'b'-ap2,KCa'b'-ap2_L,L
80611,Kenyon_Cell,KCa'b'-ap1,KCa'b'-ap1_L,L
80612,Kenyon_Cell,KCab-p,KCab-p_L,L
80614,Kenyon_Cell,KCg-m,KCg-m_R,R
80637,Kenyon_Cell,KCa'b'-ap2,KCa'b'-ap2_R,R
80663,Kenyon_Cell,KCg-m,KCg-m_L,L
80704,Kenyon_Cell,KCg-m,KCg-m_L,L
80708,Kenyon_Cell,KCg-m,KCg-m_L,L
80733,Kenyon_Cell,KCab-c,KCab-c_R,R
80735,Kenyon_Cell,KCa'b'-m,KCa'b'-m_L,L
80744,DAN,PAM01,PAM01(y5)_L,L
80747,Kenyon_Cell,KCab-s,KCab-s_L,L
80779,Kenyon_Cell,KCg-m,KCg-m_L,L
80814,Kenyon_Cell,KCab-m,KCab-m_L,L
80832,Kenyon_Cell,KCa'b'-ap1,KCa'b'-ap1_R,R
80905,Kenyon_Cell,KCg-d,KCg-d_L,L
80918,Kenyon_Cell,KCab-c,KCab-c_L,L
80924,Kenyon_Cell,KCg-d,KCg-d_L,L
80970,Kenyon_Cell,KCg-m,KCg-m_L,L
80978,Kenyon_Cell,KCab-m,KCab-m_R,R
81000,Kenyon_Cell,KCg-m,KCg-m_R,R
81001,Kenyon_Cell,KCg-m,KCg-m_L,L
81004,Kenyon_Cell,KCg-m,KCg-m_R,R
81005,Kenyon_Cell,KCg-m,KCg-m_R,R
81049,Kenyon_Cell,KCab-p,KCab-p_R,R
81053,Kenyon_Cell,KCab-m,KCab-m_R,R
81056,Kenyon_Cell,KCg-d,KCg-d_R,R
81093,Kenyon_Cell,KCg-m,KCg-m_L,L
81095,Kenyon_Cell,KCa'b'-ap2,KCa'b'-ap2_R,R
81129,Kenyon_Cell,KCa'b'-m,KCa'b'-m_L,L
81141,Kenyon_Cell,KCab-s,KCab-s_R,R
81143,Kenyon_Cell,KCg-m,KCg-m_L,L
81177,Kenyon_Cell,KCg-d,KCg-d_R,R
81187,Kenyon_Cell,KCa'b'-m,KCa'b'-m_R,R
81197,Kenyon_Cell,KCab-m,KCab-m_R,R
81202,Kenyon_Cell,KCab-s,KCab-s_R,R
81203,Kenyon_Cell,KCab-p,KCab-p_R,R
81207,Kenyon_Cell,KCab-s,KCab-s_R,R
81233,Kenyon_Cell,KCg-m,KCg-m_R,R
81239,Kenyon_Cell,KCa'b'-m,KCa'b'-m_R,R
81251,Kenyon_Cell,KCg-m,KCg-m_L,L
81273,Kenyon_Cell,KCa'b'-ap2,KCa'b'-ap2_R,R
81278,Kenyon_Cell,KCab-c,KCab-c_L,L
81338,Kenyon_Cell,KCg-m,KCg-m_L,L
81348,Kenyon_Cell,KCa'b'-m,KCa'b'-m_R,R
81349,Kenyon_Cell,KCg-m,KCg-m_L,L
81369,Kenyon_Cell,KCg-m,KCg-m_L,L
81374,Kenyon_Cell,KCg-m,KCg-m_L,L
81377,Kenyon_Cell,KCab-m,KCab-m_R,R
81385,Kenyon_Cell,KCg-m,KCg-m_L,L
81427,Kenyon_Cell,KCg-m,KCg-m_R,R
81453,Kenyon_Cell,KCab-c,KCab-c_R,R
81492,Kenyon_Cell,KCa'b'-ap2,KCa'b'-ap2_L,L
81502,Kenyon_Cell,KCg-m,KCg-m_L,L
81506,Kenyon_Cell,KCg-m,KCg-m_R,R
81563,Kenyon_Cell,KCg-m,KCg-m_R,R
81577,Kenyon_Cell,KCg-d,KCg-d_L,L
81589,Kenyon_Cell,KCab-m,KCab-m_L,L
81601,Kenyon_Cell,KCg-m,KCg-m_R,R
81606,Kenyon_Cell,KCg-m,KCg-m_R,R
81628,Kenyon_Cell,KCg-m,KCg-m_R,R
81630,Kenyon_Cell,KCg-m,KCg-m_L,L
81631,Kenyon_Cell,KCab-p,KCab-p_L,L
81645,Kenyon_Cell,KCab-c,KCab-c_L,L
81651,Kenyon_Cell,KCg-m,KCg-m_R,R
81656,Kenyon_Cell,KCg-d,KCg-d_R,R
81657,Kenyon_Cell,KCab-m,KCab-m_R,R
81671,Kenyon_Cell,KCg-m,KCg-m_L,L
81700,Kenyon_Cell,KCab-m,KCab-m_R,R
81740,Kenyon_Cell,KCg-m,KCg-m_L,L
81781,Kenyon_Cell,KCg-d,KCg-d_L,L
81820,Kenyon_Cell,KCg-m,KCg-m_R,R
81851,Kenyon_Cell,KCab-s,KCab-s_R,R
81885,Kenyon_Cell,KCab-p,KCab-p_R,R
81925,Kenyon_Cell,KCab-s,KCab-s_L,L
81934,Kenyon_Cell,KCab-c,KCab-c_R,R
81956,Kenyon_Cell,KCa'b'-m,KCa'b'-m_L,L
81967,Kenyon_Cell,KCg-m,KCg-m_R,R
81968,Kenyon_Cell,KCab-c,KCab-c_L,L
81976,Kenyon_Cell,KCa'b'-ap2,KCa'b'-ap2_L,L
81979,Kenyon_Cell,KCa'b'-ap2,KCa'b'-ap2_R,R
82025,Kenyon_Cell,KCa'b'-m,KCa'b'-m_R,R
82028,Kenyon_Cell,KCa'b'-ap2,KCa'b'-ap2_L,L
82062,Kenyon_Cell,KCab-m,KCab-m_R,R
82068,Kenyon_Cell,KCab-s,KCab-s_R,R
82118,Kenyon_Cell,KCg-m,KCg-m_R,R
82132,Kenyon_Cell,KCg-m,KCg-m_R,R
82161,Kenyon_Cell,KCg-m,KCg-m_R,R
82188,Kenyon_Cell,KCg-m,KCg-m_R,R
82192,Kenyon_Cell,KCg-m,KCg-m_L,L
82210,Kenyon_Cell,KCab-c,KCab-c_R,R
82225,Kenyon_Cell,KCa'b'-ap1,KCa'b'-ap1_R,R
82284,Kenyon_Cell,KCg-m,KCg-m_R,R
82292,Kenyon_Cell,KCg-m,KCg-m_L,L
82296,Kenyon_Cell,KCa'b'-ap2,KCa'b'-ap2_R,R
82315,Kenyon_Cell,KCab-c,KCab-c_R,R
82319,Kenyon_Cell,KCab-c,KCab-c_L,L
82358,Kenyon_Cell,KCab-s,KCab-s_R,R
82386,Kenyon_Cell,KCg-m,KCg-m_R,R
82399,Kenyon_Cell,KCg-m,KCg-m_L,L
82440,Kenyon_Cell,KCg-m,KCg-m_R,R
82460,Kenyon_Cell,KCa'b'-ap1,KCa'b'-ap1_L,L
82472,Kenyon_Cell,KCab-c,KCab-c_R,R
82474,Kenyon_Cell,KCa'b'-m,KCa'b'-m_R,R
82480,Kenyon_Cell,KCa'b'-m,KCa'b'-m_L,L
82538,Kenyon_Cell,KCab-m,KCab-m_R,R
82543,Kenyon_Cell,KCg-m,KCg-m_L,L
82570,Kenyon_Cell,KCa'b'-ap2,KCa'b'-ap2_R,R
82582,Kenyon_Cell,KCg-m,KCg-m_R,R
82594,Kenyon_Cell,KCab-s,KCab-s_L,L
82635,Kenyon_Cell,KCab-s,KCab-s_R,R
82646,Kenyon_Cell,KCg-m,KCg-m_L,L
82648,Kenyon_Cell,KCa'b'-m,KCa'b'-m_R,R
82652,Kenyon_Cell,KCab-m,KCab-m_R,R
82672,Kenyon_Cell,KCg-m,KCg-m_L,L
82673,Kenyon_Cell,KCab-s,KCab-s_R,R
82693,Kenyon_Cell,KCg-m,KCg-m_L,L
82728,Kenyon_Cell,KCg-d,KCg-d_L,L
82744,Kenyon_Cell,KCa'b'-m,KCa'b'-m_R,R
82761,Kenyon_Cell,KCg-m,KCg-m_L,L
82789,Kenyon_Cell,KCab-s,KCab-s_R,R
82798,Kenyon_Cell,KCab-s,KCab-s_R,R
82804,Kenyon_Cell,KCa'b'-m,KCa'b'-m_L,L
82895,Kenyon_Cell,KCg-m,KCg-m_R,R
82904,Kenyon_Cell,KCg-m,KCg-m_L,L
82906,Kenyon_Cell,KCa'b'-m,KCa'b'-m_R,R
82911,Kenyon_Cell,KCab-c,KCab-c_R,R
82939,Kenyon_Cell,KCg-m,KCg-m_R,R
82996,Kenyon_Cell,KCg-m,KCg-m_L,L
83052,Kenyon_Cell,KCab-p,KCab-p_R,R
83058,Kenyon_Cell,KCg-m,KCg-m_L,L
83072,Kenyon_Cell,KCa'b'-m,KCa'b'-m_L,L
83089,Kenyon_Cell,KCab-m,KCab-m_L,L
83091,Kenyon_Cell,KCab-m,KCab-m_L,L
83094,Kenyon_Cell,KCab-m,KCab-m_R,R
83095,Kenyon_Cell,KCab-m,KCab-m_L,L
83108,Kenyon_Cell,KCab-m,KCab-m_L,L
83121,Kenyon_Cell,KCab-c,KCab-c_L,L
83162,Kenyon_Cell,KCg-m,KCg-m_R,R
83166,Kenyon_Cell,KCa'b'-ap2,KCa'b'-ap2_L,L
83168,Kenyon_Cell,KCab-s,KCab-s_R,R
83181,Kenyon_Cell,KCab-s,KCab-s_R,R
83221,Kenyon_Cell,KCa'b'-ap2,KCa'b'-ap2_R,R
83270,Kenyon_Cell,KCg-m,KCg-m_L,L
83277,DAN,PAM01,PAM01(y5)_L,L
83278,Kenyon_Cell,KCab-m,KCab-m_R,R
83329,Kenyon_Cell,KCab-m,KCab-m_R,R
83341,Kenyon_Cell,KCg-m,KCg-m_R,R
83352,Kenyon_Cell,KCab-c,KCab-c_L,L
83360,Kenyon_Cell,KCg-m,KCg-m_R,R
83371,Kenyon_Cell,KCg-m,KCg-m_L,L
83392,Kenyon_Cell,KCab-m,KCab-m_R,R
83413,Kenyon_Cell,KCab-c,KCab-c_L,L
83418,Kenyon_Cell,KCab-c,KCab-c_R,R
83456,Kenyon_Cell,KCa'b'-m,KCa'b'-m_L,L
83481,Kenyon_Cell,KCa'b'-m,KCa'b'-m_L,L
83489,Kenyon_Cell,KCab-s,KCab-s_L,L
83494,Kenyon_Cell,KCg-m,KCg-m_R,R
83557,Kenyon_Cell,KCab-m,KCab-m_R,R
83563,Kenyon_Cell,KCab-c,KCab-c_R,R
83576,Kenyon_Cell,KCg-m,KCg-m_R,R
83584,Kenyon_Cell,KCg-d,KCg-d_R,R
83604,Kenyon_Cell,KCab-s,KCab-s_R,R
83608,Kenyon_Cell,KCg-m,KCg-m_R,R
83611,Kenyon_Cell,KCa'b'-ap2,KCa'b'-ap2_L,L
83612,Kenyon_Cell,KCab-c,KCab-c_R,R
83624,Kenyon_Cell,KCab-s,KCab-s_R,R
83632,Kenyon_Cell,KCab-c,KCab-c_R,R
83656,Kenyon_Cell,KCab-m,KCab-m_L,L
83678,Kenyon_Cell,KCa'b'-ap2,KCa'b'-ap2_L,L
83684,Kenyon_Cell,KCab-s,KCab-s_R,R
83691,Kenyon_Cell,KCg-m,KCg-m_L,L
83715,Kenyon_Cell,KCa'b'-ap2,KCa'b'-ap2_R,R
83737,Kenyon_Cell,KCa'b'-ap2,KCa'b'-ap2_R,R
83743,Kenyon_Cell,KCab-s,KCab-s_R,R
83777,Kenyon_Cell,KCa'b'-ap1,KCa'b'-ap1_L,L
83783,Kenyon_Cell,KCg-m,KCg-m_L,L
83807,Kenyon_Cell,KCab-c,KCab-c_R,R
83820,Kenyon_Cell,KCg-m,KCg-m_R,R
83833,Kenyon_Cell,KCg-m,KCg-m_R,R
83835,Kenyon_Cell,KCab-m,KCab-m_R,R
83852,DAN,PAM06,PAM06(B'2m)_R,R
83894,Kenyon_Cell,KCa'b'-m,KCa'b'-m_R,R
83914,Kenyon_Cell,KCab-c,KCab-c_L,L
83921,Kenyon_Cell,KCg-m,KCg-m_R,R
83924,Kenyon_Cell,KCab-p,KCab-p_R,R
83961,Kenyon_Cell,KCab-s,KCab-s_R,R
83965,Kenyon_Cell,KCg-m,KCg-m_L,L
83978,Kenyon_Cell,KCab-s,KCab-s_L,L
83989,Kenyon_Cell,KCab-s,KCab-s_L,L
84007,Kenyon_Cell,KCg-m,KCg-m_R,R
84011,Kenyon_Cell,KCg-d,KCg-d_R,R
84037,Kenyon_Cell,KCa'b'-ap2,KCa'b'-ap2_L,L
84131,Kenyon_Cell,KCa'b'-ap2,KCa'b'-ap2_L,L
84137,Kenyon_Cell,KCa'b'-ap2,KCa'b'-ap2_R,R
84241,Kenyon_Cell,KCab-c,KCab-c_L,L
84244,Kenyon_Cell,KCa'b'-ap1,KCa'b'-ap1_L,L
84247,Kenyon_Cell,KCa'b'-ap2,KCa'b'-ap2_L,L
84278,Kenyon_Cell,KCab-s,KCab-s_R,R
84295,Kenyon_Cell,KCab-s,KCab-s_R,R
84299,Kenyon_Cell,KCab-m,KCab-m_L,L
84319,Kenyon_Cell,KCg-m,KCg-m_L,L
84334,Kenyon_Cell,KCab-s,KCab-s_R,R
84335,Kenyon_Cell,KCab-m,KCab-m_L,L
84353,Kenyon_Cell,KCab-c,KCab-c_L,L
84400,Kenyon_Cell,KCg-m,KCg-m_L,L
84446,Kenyon_Cell,KCg-m,KCg-m_L,L
84472,Kenyon_Cell,KCab-p,KCab-p_L,L
84485,Kenyon_Cell,KCab-m,KCab-m_R,R
84498,Kenyon_Cell,KCa'b'-ap2,KCa'b'-ap2_R,R
84536,Kenyon_Cell,KCa'b'-ap2,KCa'b'-ap2_L,L
84598,Kenyon_Cell,KCab-m,KCab-m_L,L
84602,Kenyon_Cell,KCa'b'-m,KCa'b'-m_L,L
84628,Kenyon_Cell,KCg-d,KCg-d_R,R
84638,Kenyon_Cell,KCab-m,KCab-m_R,R
84641,Kenyon_Cell,KCab-s,KCab-s_R,R
84657,Kenyon_Cell,KCa'b'-ap2,KCa'b'-ap2_L,L
84664,Kenyon_Cell,KCg-m,KCg-m_R,R
84765,Kenyon_Cell,KCab-s,KCab-s_R,R
84777,Kenyon_Cell,KCab-s,KCab-s_R,R
84811,Kenyon_Cell,KCab-s,KCab-s_R,R
84822,Kenyon_Cell,KCab-s,KCab-s_L,L
84884,Kenyon_Cell,KCg-m,KCg-m_L,L
84902,Kenyon_Cell,KCab-c,KCab-c_R,R
84926,Kenyon_Cell,KCg-m,KCg-m_L,L
84929,Kenyon_Cell,KCab-m,KCab-m_R,R
84932,Kenyon_Cell,KCg-m,KCg-m_L,L
84941,Kenyon_Cell,KCab-m,KCab-m_R,R
84972,Kenyon_Cell,KCg-m,KCg-m_R,R
84974,Kenyon_Cell,KCab-m,KCab-m_R,R
84987,Kenyon_Cell,KCg-m,KCg-m_L,L
84989,Kenyon_Cell,KCg-m,KCg-m_L,L
84991,Kenyon_Cell,KCab-s,KCab-s_R,R
85012,Kenyon_Cell,KCab-c,KCab-c_R,R
85017,Kenyon_Cell,KCab-c,KCab-c_R,R
85033,Kenyon_Cell,KCab-p,KCab-p_R,R
85054,Kenyon_Cell,KCab-m,KCab-m_R,R
85091,Kenyon_Cell,KCg-m,KCg-m_L,L
85110,Kenyon_Cell,KCab-s,KCab-s_R,R
85121,Kenyon_Cell,KCg-m,KCg-m_L,L
85137,Kenyon_Cell,KCg-m,KCg-m_R,R
85141,Kenyon_Cell,KCg-m,KCg-m_R,R
85213,Kenyon_Cell,KCg-d,KCg-d_L,L
85216,Kenyon_Cell,KCg-m,KCg-m_L,L
85242,Kenyon_Cell,KCa'b'-m,KCa'b'-m_R,R
85257,Kenyon_Cell,KCab-s,KCab-s_R,R
85321,Kenyon_Cell,KCab-s,KCab-s_R,R
85325,Kenyon_Cell,KCg-m,KCg-m_L,L
85340,Kenyon_Cell,KCg-m,KCg-m_L,L
85342,Kenyon_Cell,KCab-s,KCab-s_R,R
85349,Kenyon_Cell,KCg-d,KCg-d_R,R
85368,Kenyon_Cell,KCg-d,KCg-d_L,L
85377,Kenyon_Cell,KCab-m,KCab-m_R,R
85389,Kenyon_Cell,KCab-c,KCab-c_R,R
85391,Kenyon_Cell,KCab-s,KCab-s_R,R
85403,Kenyon_Cell,KCab-m,KCab-m_L,L
85428,Kenyon_Cell,KCab-p,KCab-p_L,L
85442,Kenyon_Cell,KCab-m,KCab-m_R,R
85452,Kenyon_Cell,KCa'b'-ap2,KCa'b'-ap2_R,R
85482,Kenyon_Cell,KCa'b'-ap2,KCa'b'-ap2_L,L
85512,Kenyon_Cell,KCg-m,KCg-m_L,L
85516,Kenyon_Cell,KCg-m,KCg-m_R,R
85522,Kenyon_Cell,KCab-s,KCab-s_R,R
85531,Kenyon_Cell,KCab-s,KCab-s_R,R
85547,Kenyon_Cell,KCg-m,KCg-m_L,L
85590,Kenyon_Cell,KCab-m,KCab-m_R,R
85665,Kenyon_Cell,KCg-m,KCg-m_L,L
85711,Kenyon_Cell,KCab-s,KCab-s_R,R
85750,Kenyon_Cell,KCa'b'-m,KCa'b'-m_L,L
85752,Kenyon_Cell,KCab-m,KCab-m_R,R
85805,Kenyon_Cell,KCg-m,KCg-m_L,L
85819,Kenyon_Cell,KCab-c,KCab-c_R,R
85846,Kenyon_Cell,KCab-m,KCab-m_L,L
85851,Kenyon_Cell,KCg-d,KCg-d_R,R
85900,Kenyon_Cell,KCa'b'-ap2,KCa'b'-ap2_L,L
85920,Kenyon_Cell,KCab-s,KCab-s_R,R
85923,Kenyon_Cell,KCg-d,KCg-d_R,R
85986,Kenyon_Cell,KCab-s,KCab-s_R,R
86020,Kenyon_Cell,KCg-m,KCg-m_L,L
86024,Kenyon_Cell,KCg-m,KCg-m_L,L
86028,Kenyon_Cell,KCg-m,KCg-m_L,L
86041,Kenyon_Cell,KCab-m,KCab-m_L,L
86066,DAN,PAM07,PAM07(y4<y1y2)_L,L
86072,Kenyon_Cell,KCab-s,KCab-s_R,R
86079,Kenyon_Cell,KCab-s,KCab-s_R,R
86137,Kenyon_Cell,KCg-m,KCg-m_R,R
86142,Kenyon_Cell,KCa'b'-ap2,KCa'b'-ap2_L,L
86153,Kenyon_Cell,KCab-c,KCab-c_R,R
86156,DAN,PAM08,PAM08(y4)_R,R
86168,Kenyon_Cell,KCab-s,KCab-s_R,R
86170,Kenyon_Cell,KCab-c,KCab-c_L,L
86180,Kenyon_Cell,KCab-m,KCab-m_R,R
86183,Kenyon_Cell,KCg-d,KCg-d_R,R
86209,Kenyon_Cell,KCg-m,KCg-m_L,L
86231,Kenyon_Cell,KCab-c,KCab-c_R,R
86306,Kenyon_Cell,KCa'b'-ap1,KCa'b'-ap1_R,R
86324,Kenyon_Cell,KCab-s,KCab-s_L,L
86349,Kenyon_Cell,KCab-m,KCab-m_L,L
86372,Kenyon_Cell,KCg-d,KCg-d_L,L
86395,Kenyon_Cell,KCg-m,KCg-m_L,L
86431,DAN,PAM07,PAM07(y4<y1y2)_L,L
86432,Kenyon_Cell,KCab-s,KCab-s_R,R
86437,Kenyon_Cell,KCa'b'-m,KCa'b'-m_R,R
86468,Kenyon_Cell,KCab-s,KCab-s_R,R
86528,Kenyon_Cell,KCab-m,KCab-m_R,R
86553,Kenyon_Cell,KCg-m,KCg-m_R,R
86554,Kenyon_Cell,KCab-c,KCab-c_R,R
86555,Kenyon_Cell,KCg-m,KCg-m_L,L
86583,Kenyon_Cell,KCg-m,KCg-m_L,L
86608,Kenyon_Cell,KCg-m,KCg-m_L,L
86610,Kenyon_Cell,KCg-m,KCg-m_L,L
86639,Kenyon_Cell,KCab-s,KCab-s_R,R
86670,Kenyon_Cell,KCab-m,KCab-m_R,R
86717,Kenyon_Cell,KCab-s,KCab-s_L,L
86751,Kenyon_Cell,KCg-m,KCg-m_R,R
86758,Kenyon_Cell,KCab-s,KCab-s_R,R
86768,Kenyon_Cell,KCab-s,KCab-s_R,R
86811,Kenyon_Cell,KCab-s,KCab-s_R,R
86814,Kenyon_Cell,KCg-m,KCg-m_R,R
86850,Kenyon_Cell,KCab-s,KCab-s_L,L
86876,Kenyon_Cell,KCg-m,KCg-m_R,R
86878,Kenyon_Cell,KCab-s,KCab-s_L,L
86899,Kenyon_Cell,KCab-s,KCab-s_L,L
86909,Kenyon_Cell,KCg-d,KCg-d_R,R
86940,Kenyon_Cell,KCg-d,KCg-d_L,L
86967,Kenyon_Cell,KCg-m,KCg-m_L,L
86970,Kenyon_Cell,KCa'b'-ap2,KCa'b'-ap2_R,R
86985,Kenyon_Cell,KCg-m,KCg-m_R,R
87052,Kenyon_Cell,KCg-m,KCg-m_L,L
87077,MBON,MBON25,MBON25(y1y2)_L,L
87103,Kenyon_Cell,KCg-m,KCg-m_L,L
87138,Kenyon_Cell,KCab-c,KCab-c_L,L
87155,Kenyon_Cell,KCg-m,KCg-m_R,R
87163,Kenyon_Cell,KCab-c,KCab-c_R,R
87177,DAN,PAM08,PAM08(y4)_L,L
87219,Kenyon_Cell,KCa'b'-ap2,KCa'b'-ap2_R,R
87232,Kenyon_Cell,KCa'b'-ap2,KCa'b'-ap2_R,R
87254,Kenyon_Cell,KCab-s,KCab-s_R,R
87261,Kenyon_Cell,KCab-s,KCab-s_R,R
87276,Kenyon_Cell,KCg-m,KCg-m_L,L
87281,Kenyon_Cell,KCa'b'-ap1,KCa'b'-ap1_L,L
87304,Kenyon_Cell,KCg-m,KCg-m_L,L
87308,Kenyon_Cell,KCg-m,KCg-m_L,L
87324,Kenyon_Cell,KCab-p,KCab-p_R,R
87334,Kenyon_Cell,KCa'b'-ap2,KCa'b'-ap2_L,L
87364,Kenyon_Cell,KCa'b'-m,KCa'b'-m_R,R
87382,Kenyon_Cell,KCg-m,KCg-m_R,R
87387,Kenyon_Cell,KCg-d,KCg-d_R,R
87437,Kenyon_Cell,KCg-m,KCg-m_R,R
87533,Kenyon_Cell,KCa'b'-m,KCa'b'-m_L,L
87576,Kenyon_Cell,KCab-s,KCab-s_R,R
87642,Kenyon_Cell,KCg-m,KCg-m_R,R
87660,Kenyon_Cell,KCg-m,KCg-m_R,R
87667,Kenyon_Cell,KCa'b'-m,KCa'b'-m_L,L
87697,Kenyon_Cell,KCg-m,KCg-m_L,L
87719,Kenyon_Cell,KCab-s,KCab-s_R,R
87728,Kenyon_Cell,KCab-s,KCab-s_R,R
87731,Kenyon_Cell,KCab-s,KCab-s_L,L
87732,Kenyon_Cell,KCab-c,KCab-c_L,L
87758,Kenyon_Cell,KCab-s,KCab-s_R,R
87759,Kenyon_Cell,KCg-m,KCg-m_R,R
87776,Kenyon_Cell,KCab-p,KCab-p_R,R
87784,Kenyon_Cell,KCab-s,KCab-s_R,R
87788,Kenyon_Cell,KCab-m,KCab-m_R,R
87844,Kenyon_Cell,KCg-m,KCg-m_R,R
87868,Kenyon_Cell,KCg-d,KCg-d_L,L
87946,Kenyon_Cell,KCab-s,KCab-s_R,R
88000,Kenyon_Cell,KCg-m,KCg-m_L,L
88023,Kenyon_Cell,KCab-m,KCab-m_R,R
88028,Kenyon_Cell,KCg-m,KCg-m_L,L
88046,Kenyon_Cell,KCab-c,KCab-c_L,L
88068,Kenyon_Cell,KCab-s,KCab-s_R,R
88108,Kenyon_Cell,KCg-m,KCg-m_L,L
88109,Kenyon_Cell,KCa'b'-ap2,KCa'b'-ap2_R,R
88132,Kenyon_Cell,KCg-m,KCg-m_L,L
88185,Kenyon_Cell,KCa'b'-ap2,KCa'b'-ap2_L,L
88192,Kenyon_Cell,KCab-c,KCab-c_R,R
88283,Kenyon_Cell,KCa'b'-m,KCa'b'-m_R,R
88290,Kenyon_Cell,KCg-m,KCg-m_R,R
88404,Kenyon_Cell,KCab-s,KCab-s_L,L
88407,Kenyon_Cell,KCab-s,KCab-s_R,R
88428,Kenyon_Cell,KCg-m,KCg-m_L,L
88476,Kenyon_Cell,KCa'b'-ap1,KCa'b'-ap1_L,L
88477,DAN,PAM01,PAM01(y5)_L,L
88554,Kenyon_Cell,KCab-m,KCab-m_L,L
88584,Kenyon_Cell,KCg-m,KCg-m_R,R
88588,Kenyon_Cell,KCab-m,KCab-m_R,R
88631,Kenyon_Cell,KCab-m,KCab-m_L,L
88653,Kenyon_Cell,KCab-s,KCab-s_R,R
88655,Kenyon_Cell,KCg-m,KCg-m_R,R
88703,Kenyon_Cell,KCg-m,KCg-m_R,R
88711,Kenyon_Cell,KCa'b'-m,KCa'b'-m_L,L
88775,Kenyon_Cell,KCab-s,KCab-s_R,R
88808,Kenyon_Cell,KCa'b'-m,KCa'b'-m_L,L
88822,Kenyon_Cell,KCa'b'-ap1,KCa'b'-ap1_R,R
88824,Kenyon_Cell,KCab-p,KCab-p_R,R
88834,Kenyon_Cell,KCa'b'-m,KCa'b'-m_L,L
88845,Kenyon_Cell,KCg-m,KCg-m_L,L
88869,Kenyon_Cell,KCg-m,KCg-m_L,L
88884,Kenyon_Cell,KCg-m,KCg-m_R,R
88899,Kenyon_Cell,KCab-p,KCab-p_R,R
88938,Kenyon_Cell,KCab-s,KCab-s_R,R
88980,Kenyon_Cell,KCab-m,KCab-m_L,L
89003,Kenyon_Cell,KCab-m,KCab-m_R,R
89041,Kenyon_Cell,KCg-m,KCg-m_L,L
89067,Kenyon_Cell,KCab-m,KCab-m_L,L
89071,Kenyon_Cell,KCab-s,KCab-s_L,L
89158,Kenyon_Cell,KCg-m,KCg-m_L,L
89170,Kenyon_Cell,KCab-s,KCab-s_R,R
89269,Kenyon_Cell,KCg-m,KCg-m_L,L
89323,Kenyon_Cell,KCab-s,KCab-s_L,L
89327,Kenyon_Cell,KCg-d,KCg-d_R,R
89338,Kenyon_Cell,KCab-m,KCab-m_L,L
89384,Kenyon_Cell,KCab-m,KCab-m_R,R
89419,Kenyon_Cell,KCa'b'-m,KCa'b'-m_L,L
89435,Kenyon_Cell,KCab-s,KCab-s_R,R
89442,Kenyon_Cell,KCg-m,KCg-m_L,L
89461,Kenyon_Cell,KCa'b'-ap2,KCa'b'-ap2_R,R
89471,Kenyon_Cell,KCg-m,KCg-m_R,R
89505,Kenyon_Cell,KCab-s,KCab-s_R,R
89530,Kenyon_Cell,KCa'b'-ap2,KCa'b'-ap2_R,R
89536,Kenyon_Cell,KCg-m,KCg-m_L,L
89552,Kenyon_Cell,KCab-c,KCab-c_R,R
89574,Kenyon_Cell,KCab-s,KCab-s_R,R
89617,Kenyon_Cell,KCab-c,KCab-c_L,L
89623,Kenyon_Cell,KCab-m,KCab-m_R,R
89658,Kenyon_Cell,KCab-s,KCab-s_R,R
89659,Kenyon_Cell,KCab-c,KCab-c_R,R
89707,Kenyon_Cell,KCa'b'-m,KCa'b'-m_L,L
89718,Kenyon_Cell,KCab-s,KCab-s_R,R
89719,Kenyon_Cell,KCab-m,KCab-m_R,R
89761,Kenyon_Cell,KCg-m,KCg-m_R,R
89782,Kenyon_Cell,KCg-m,KCg-m_L,L
89804,Kenyon_Cell,KCab-c,KCab-c_R,R
89834,Kenyon_Cell,KCab-m,KCab-m_R,R
89839,Kenyon_Cell,KCg-m,KCg-m_R,R
89841,Kenyon_Cell,KCg-m,KCg-m_R,R
89858,Kenyon_Cell,KCg-m,KCg-m_L,L
89862,Kenyon_Cell,KCab-s,KCab-s_R,R
90091,Kenyon_Cell,KCa'b'-m,KCa'b'-m_L,L
90098,Kenyon_Cell,KCab-s,KCab-s_R,R
90138,Kenyon_Cell,KCab-m,KCab-m_R,R
90139,Kenyon_Cell,KCab-c,KCab-c_L,L
90153,Kenyon_Cell,KCa'b'-ap1,KCa'b'-ap1_L,L
90181,Kenyon_Cell,KCab-s,KCab-s_R,R
90189,Kenyon_Cell,KCg-m,KCg-m_L,L
90266,Kenyon_Cell,KCab-m,KCab-m_R,R
90291,Kenyon_Cell,KCa'b'-m,KCa'b'-m_R,R
90296,Kenyon_Cell,KCg-m,KCg-m_L,L
90323,Kenyon_Cell,KCa'b'-ap1,KCa'b'-ap1_R,R
90352,Kenyon_Cell,KCab-s,KCab-s_R,R
90363,Kenyon_Cell,KCg-m,KCg-m_L,L
90367,Kenyon_Cell,KCg-m,KCg-m_R,R
90393,Kenyon_Cell,KCg-m,KCg-m_L,L
90403,Kenyon_Cell,KCab-s,KCab-s_R,R
90439,Kenyon_Cell,KCab-m,KCab-m_R,R
90459,Kenyon_Cell,KCab-c,KCab-c_R,R
90473,Kenyon_Cell,KCab-s,KCab-s_R,R
90525,Kenyon_Cell,KCa'b'-m,KCa'b'-m_L,L
90569,Kenyon_Cell,KCg-m,KCg-m_L,L
90614,Kenyon_Cell,KCa'b'-m,KCa'b'-m_L,L
90640,Kenyon_Cell,KCg-m,KCg-m_L,L
90649,Kenyon_Cell,KCa'b'-ap2,KCa'b'-ap2_L,L
90650,Kenyon_Cell,KCab-s,KCab-s_R,R
90672,Kenyon_Cell,KCab-s,KCab-s_R,R
90678,DAN,PAM08,PAM08(y4)_L,L
90790,Kenyon_Cell,KCg-d,KCg-d_L,L
90805,Kenyon_Cell,KCab-s,KCab-s_R,R
90809,Kenyon_Cell,KCab-m,KCab-m_R,R
90812,Kenyon_Cell,KCab-s,KCab-s_R,R
90867,DAN,PAM01,PAM01(y5)_R,R
90870,Kenyon_Cell,KCg-m,KCg-m_L,L
90902,DAN,PAM08,PAM08(y4)_R,R
90905,Kenyon_Cell,KCab-s,KCab-s_R,R
90919,Kenyon_Cell,KCab-m,KCab-m_L,L
90928,Kenyon_Cell,KCab-s,KCab-s_R,R
90935,Kenyon_Cell,KCab-s,KCab-s_R,R
90944,Kenyon_Cell,KCab-s,KCab-s_R,R
91041,Kenyon_Cell,KCg-m,KCg-m_R,R
91091,Kenyon_Cell,KCa'b'-ap2,KCa'b'-ap2_L,L
91244,Kenyon_Cell,KCg-d,KCg-d_R,R
91287,Kenyon_Cell,KCab-c,KCab-c_L,L
91344,Kenyon_Cell,KCg-m,KCg-m_L,L
91382,Kenyon_Cell,KCab-p,KCab-p_R,R
91386,Kenyon_Cell,KCa'b'-m,KCa'b'-m_R,R
91391,DAN,PAM12,PAM12(y3)_L,L
91435,Kenyon_Cell,KCab-m,KCab-m_L,L
91487,Kenyon_Cell,KCg-d,KCg-d_L,L
91493,Kenyon_Cell,KCab-s,KCab-s_R,R
91497,Kenyon_Cell,KCa'b'-ap2,KCa'b'-ap2_R,R
91544,Kenyon_Cell,KCab-s,KCab-s_R,R
91595,Kenyon_Cell,KCab-s,KCab-s_R,R
91608,Kenyon_Cell,KCg-m,KCg-m_L,L
91751,Kenyon_Cell,KCab-p,KCab-p_R,R
91797,Kenyon_Cell,KCab-m,KCab-m_R,R
91800,Kenyon_Cell,KCab-m,KCab-m_L,L
91875,DAN,PAM12,PAM12(y3)_L,L
91910,Kenyon_Cell,KCg-m,KCg-m_L,L
91926,Kenyon_Cell,KCg-d,KCg-d_L,L
91928,Kenyon_Cell,KCg-m,KCg-m_L,L
91960,Kenyon_Cell,KCab-p,KCab-p_R,R
91981,Kenyon_Cell,KCab-m,KCab-m_L,L
92008,Kenyon_Cell,KCg-d,KCg-d_L,L
92013,Kenyon_Cell,KCg-d,KCg-d_L,L
92030,Kenyon_Cell,KCg-m,KCg-m_L,L
92031,Kenyon_Cell,KCab-s,KCab-s_R,R
92040,Kenyon_Cell,KCab-s,KCab-s_R,R
92106,Kenyon_Cell,KCab-s,KCab-s_R,R
92112,MBON,MBON34,MBON34(y2)_R,R
92130,Kenyon_Cell,KCg-m,KCg-m_L,L
92149,Kenyon_Cell,KCa'b'-ap2,KCa'b'-ap2_R,R
92168,Kenyon_Cell,KCg-d,KCg-d_L,L
92190,Kenyon_Cell,KCa'b'-ap1,KCa'b'-ap1_R,R
92252,Kenyon_Cell,KCab-m,KCab-m_R,R
92274,Kenyon_Cell,KCab-c,KCab-c_R,R
92275,Kenyon_Cell,KCab-s,KCab-s_L,L
92278,Kenyon_Cell,KCg-m,KCg-m_R,R
92294,Kenyon_Cell,KCa'b'-m,KCa'b'-m_R,R
92324,DAN,PAM06,PAM06(B'2m)_R,R
92335,Kenyon_Cell,KCab-s,KCab-s_R,R
92358,Kenyon_Cell,KCab-c,KCab-c_L,L
92402,Kenyon_Cell,KCa'b'-m,KCa'b'-m_L,L
92424,Kenyon_Cell,KCg-m,KCg-m_L,L
92430,Kenyon_Cell,KCab-c,KCab-c_R,R
92484,Kenyon_Cell,KCab-m,KCab-m_R,R
92494,Kenyon_Cell,KCab-s,KCab-s_R,R
92504,Kenyon_Cell,KCab-s,KCab-s_R,R
92532,Kenyon_Cell,KCab-m,KCab-m_R,R
92563,Kenyon_Cell,KCab-m,KCab-m_R,R
92574,Kenyon_Cell,KCab-m,KCab-m_R,R
92628,Kenyon_Cell,KCab-s,KCab-s_R,R
92633,Kenyon_Cell,KCa'b'-ap2,KCa'b'-ap2_L,L
92635,Kenyon_Cell,KCab-m,KCab-m_R,R
92662,Kenyon_Cell,KCa'b'-ap1,KCa'b'-ap1_R,R
92679,Kenyon_Cell,KCg-m,KCg-m_L,L
92687,Kenyon_Cell,KCab-c,KCab-c_R,R
92716,Kenyon_Cell,KCab-s,KCab-s_R,R
92784,Kenyon_Cell,KCg-m,KCg-m_R,R
92794,Kenyon_Cell,KCab-c,KCab-c_R,R
92809,Kenyon_Cell,KCab-m,KCab-m_R,R
92847,Kenyon_Cell,KCa'b'-ap1,KCa'b'-ap1_L,L
92877,Kenyon_Cell,KCab-s,KCab-s_R,R
92924,Kenyon_Cell,KCg-m,KCg-m_R,R
92927,Kenyon_Cell,KCg-m,KCg-m_R,R
92952,Kenyon_Cell,KCab-m,KCab-m_R,R
92960,Kenyon_Cell,KCab-s,KCab-s_R,R
92967,Kenyon_Cell,KCg-d,KCg-d_L,L
92985,Kenyon_Cell,KCab-m,KCab-m_R,R
93017,Kenyon_Cell,KCa'b'-m,KCa'b'-m_L,L
93044,Kenyon_Cell,KCg-m,KCg-m_L,L
93050,Kenyon_Cell,KCab-s,KCab-s_L,L
93065,Kenyon_Cell,KCg-m,KCg-m_L,L
93108,Kenyon_Cell,KCab-p,KCab-p_R,R
93113,Kenyon_Cell,KCab-m,KCab-m_R,R
93128,Kenyon_Cell,KCab-m,KCab-m_R,R
93150,Kenyon_Cell,KCab-c,KCab-c_R,R
93216,Kenyon_Cell,KCg-m,KCg-m_L,L
93263,Kenyon_Cell,KCa'b'-ap1,KCa'b'-ap1_R,R
93288,Kenyon_Cell,KCab-s,KCab-s_R,R
93301,Kenyon_Cell,KCab-m,KCab-m_R,R
93314,Kenyon_Cell,KCab-c,KCab-c_R,R
93325,Kenyon_Cell,KCab-m,KCab-m_R,R
93326,Kenyon_Cell,KCab-s,KCab-s_R,R
93327,Kenyon_Cell,KCg-m,KCg-m_L,L
93380,Kenyon_Cell,KCa'b'-ap2,KCa'b'-ap2_R,R
93409,Kenyon_Cell,KCab-s,KCab-s_L,L
93462,Kenyon_Cell,KCg-m,KCg-m_R,R
93464,Kenyon_Cell,KCab-s,KCab-s_R,R
93485,Kenyon_Cell,KCg-m,KCg-m_R,R
93582,Kenyon_Cell,KCa'b'-m,KCa'b'-m_R,R
93593,Kenyon_Cell,KCab-m,KCab-m_R,R
93616,Kenyon_Cell,KCg-m,KCg-m_L,L
93644,Kenyon_Cell,KCa'b'-ap2,KCa'b'-ap2_L,L
93704,DAN,PAM01,PAM01(y5)_L,L
93772,Kenyon_Cell,KCg-m,KCg-m_R,R
93786,Kenyon_Cell,KCab-m,KCab-m_L,L
93797,Kenyon_Cell,KCab-c,KCab-c_R,R
93803,Kenyon_Cell,KCg-m,KCg-m_L,L
93837,Kenyon_Cell,KCab-s,KCab-s_R,R
93841,Kenyon_Cell,KCab-s,KCab-s_L,L
93859,Kenyon_Cell,KCg-m,KCg-m_R,R
93889,Kenyon_Cell,KCab-m,KCab-m_R,R
93893,Kenyon_Cell,KCab-s,KCab-s_R,R
93902,Kenyon_Cell,KCa'b'-ap2,KCa'b'-ap2_L,L
93976,Kenyon_Cell,KCab-p,KCab-p_R,R
94001,Kenyon_Cell,KCg-m,KCg-m_R,R
94018,Kenyon_Cell,KCab-m,KCab-m_R,R
94050,Kenyon_Cell,KCab-m,KCab-m_R,R
94078,Kenyon_Cell,KCa'b'-ap2,KCa'b'-ap2_L,L
94101,Kenyon_Cell,KCab-s,KCab-s_R,R
94171,Kenyon_Cell,KCab-m,KCab-m_L,L
94240,Kenyon_Cell,KCab-p,KCab-p_R,R
94250,DAN,PAM05,PAM05(B'2p)_L,L
94310,Kenyon_Cell,KCg-m,KCg-m_L,L
94336,Kenyon_Cell,KCab-s,KCab-s_R,R
94430,Kenyon_Cell,KCab-m,KCab-m_L,L
94489,Kenyon_Cell,KCab-c,KCab-c_R,R
94490,Kenyon_Cell,KCab-s,KCab-s_R,R
94491,Kenyon_Cell,KCab-m,KCab-m_R,R
94509,Kenyon_Cell,KCab-c,KCab-c_R,R
94518,Kenyon_Cell,KCab-m,KCab-m_R,R
94530,Kenyon_Cell,KCg-m,KCg-m_L,L
94606,Kenyon_Cell,KCg-m,KCg-m_L,L
94614,Kenyon_Cell,KCab-s,KCab-s_L,L
94622,Kenyon_Cell,KCab-c,KCab-c_R,R
94663,Kenyon_Cell,KCg-m,KCg-m_L,L
94674,Kenyon_Cell,KCg-m,KCg-m_R,R
94721,Kenyon_Cell,KCab-m,KCab-m_R,R
94754,Kenyon_Cell,KCab-s,KCab-s_R,R
94785,Kenyon_Cell,KCab-c,KCab-c_R,R
94790,Kenyon_Cell,KCab-s,KCab-s_R,R
94802,Kenyon_Cell,KCa'b'-m,KCa'b'-m_R,R
94839,Kenyon_Cell,KCab-c,KCab-c_R,R
94845,Kenyon_Cell,KCab-p,KCab-p_L,L
94914,Kenyon_Cell,KCg-m,KCg-m_L,L
94922,DAN,PAM05,PAM05(B'2p)_L,L
94974,Kenyon_Cell,KCg-m,KCg-m_R,R
94993,Kenyon_Cell,KCab-s,KCab-s_L,L
95042,Kenyon_Cell,KCg-m,KCg-m_L,L
95072,Kenyon_Cell,KCg-m,KCg-m_L,L
95078,Kenyon_Cell,KCab-s,KCab-s_L,L
95081,Kenyon_Cell,KCg-m,KCg-m_L,L
95092,Kenyon_Cell,KCab-m,KCab-m_L,L
95158,Kenyon_Cell,KCg-m,KCg-m_R,R
95167,Kenyon_Cell,KCg-m,KCg-m_R,R
95186,Kenyon_Cell,KCab-c,KCab-c_L,L
95189,Kenyon_Cell,KCg-m,KCg-m_L,L
95213,Kenyon_Cell,KCg-m,KCg-m_R,R
95265,Kenyon_Cell,KCab-s,KCab-s_L,L
95291,Kenyon_Cell,KCg-d,KCg-d_L,L
95307,Kenyon_Cell,KCab-s,KCab-s_L,L
95349,Kenyon_Cell,KCab-p,KCab-p_L,L
95358,Kenyon_Cell,KCa'b'-ap1,KCa'b'-ap1_R,R
95367,Kenyon_Cell,KCab-m,KCab-m_R,R
95368,Kenyon_Cell,KCg-m,KCg-m_L,L
95397,Kenyon_Cell,KCab-m,KCab-m_R,R
95404,Kenyon_Cell,KCg-m,KCg-m_L,L
95484,Kenyon_Cell,KCg-d,KCg-d_L,L
95517,Kenyon_Cell,KCa'b'-ap1,KCa'b'-ap1_L,L
95518,Kenyon_Cell,KCa'b'-ap2,KCa'b'-ap2_L,L
95523,DAN,PAM08,PAM08(y4)_L,L
95533,Kenyon_Cell,KCab-m,KCab-m_L,L
95548,Kenyon_Cell,KCab-c,KCab-c_R,R
95581,Kenyon_Cell,KCab-c,KCab-c_R,R
95583,Kenyon_Cell,KCab-s,KCab-s_L,L
95585,Kenyon_Cell,KCab-s,KCab-s_R,R
95590,Kenyon_Cell,KCab-s,KCab-s_R,R
95591,Kenyon_Cell,KCab-p,KCab-p_R,R
95639,Kenyon_Cell,KCa'b'-ap2,KCa'b'-ap2_L,L
95653,Kenyon_Cell,KCab-c,KCab-c_R,R
95699,Kenyon_Cell,KCab-s,KCab-s_R,R
95707,Kenyon_Cell,KCab-s,KCab-s_R,R
95735,Kenyon_Cell,KCa'b'-m,KCa'b'-m_L,L
95778,Kenyon_Cell,KCa'b'-ap2,KCa'b'-ap2_L,L
95783,Kenyon_Cell,KCab-m,KCab-m_R,R
95861,Kenyon_Cell,KCg-m,KCg-m_L,L
95941,Kenyon_Cell,KCg-m,KCg-m_L,L
95970,Kenyon_Cell,KCab-p,KCab-p_L,L
96041,Kenyon_Cell,KCab-s,KCab-s_L,L
96065,Kenyon_Cell,KCa'b'-m,KCa'b'-m_R,R
96131,Kenyon_Cell,KCab-s,KCab-s_R,R
96191,Kenyon_Cell,KCab-m,KCab-m_R,R
96231,Kenyon_Cell,KCg-m,KCg-m_L,L
96263,Kenyon_Cell,KCab-s,KCab-s_L,L
96273,Kenyon_Cell,KCab-c,KCab-c_R,R
96274,Kenyon_Cell,KCab-c,KCab-c_R,R
96304,Kenyon_Cell,KCg-d,KCg-d_R,R
96324,Kenyon_Cell,KCg-m,KCg-m_R,R
96383,Kenyon_Cell,KCab-s,KCab-s_R,R
96497,DAN,PAM07,PAM07(y4<y1y2)_R,R
96571,DAN,PAM12,PAM12(y3)_L,L
96624,Kenyon_Cell,KCg-m,KCg-m_L,L
96688,Kenyon_Cell,KCg-m,KCg-m_L,L
96711,Kenyon_Cell,KCab-s,KCab-s_R,R
96721,Kenyon_Cell,KCg-m,KCg-m_L,L
96723,Kenyon_Cell,KCab-p,KCab-p_L,L
96746,Kenyon_Cell,KCab-m,KCab-m_L,L
96781,Kenyon_Cell,KCab-m,KCab-m_R,R
96825,Kenyon_Cell,KCab-p,KCab-p_L,L
96847,Kenyon_Cell,KCab-m,KCab-m_L,L
96850,Kenyon_Cell,KCab-c,KCab-c_R,R
96902,Kenyon_Cell,KCab-s,KCab-s_R,R
96961,Kenyon_Cell,KCa'b'-ap2,KCa'b'-ap2_R,R
96963,Kenyon_Cell,KCab-s,KCab-s_R,R
96977,Kenyon_Cell,KCab-s,KCab-s_R,R
97024,Kenyon_Cell,KCab-s,KCab-s_L,L
97075,Kenyon_Cell,KCab-m,KCab-m_L,L
97181,Kenyon_Cell,KCg-m,KCg-m_L,L
97239,Kenyon_Cell,KCg-m,KCg-m_L,L
97258,Kenyon_Cell,KCab-m,KCab-m_R,R
97305,Kenyon_Cell,KCg-m,KCg-m_R,R
97348,Kenyon_Cell,KCg-m,KCg-m_L,L
97356,Kenyon_Cell,KCab-c,KCab-c_L,L
97373,Kenyon_Cell,KCab-s,KCab-s_R,R
97410,Kenyon_Cell,KCab-m,KCab-m_R,R
97497,Kenyon_Cell,KCab-s,KCab-s_L,L
97522,Kenyon_Cell,KCab-m,KCab-m_R,R
97573,Kenyon_Cell,KCab-m,KCab-m_R,R
97591,Kenyon_Cell,KCg-d,KCg-d_L,L
97601,Kenyon_Cell,KCab-s,KCab-s_R,R
97624,Kenyon_Cell,KCg-m,KCg-m_L,L
97689,Kenyon_Cell,KCab-m,KCab-m_R,R
97719,Kenyon_Cell,KCab-s,KCab-s_R,R
97738,Kenyon_Cell,KCab-s,KCab-s_R,R
97772,Kenyon_Cell,KCg-m,KCg-m_R,R
97823,Kenyon_Cell,KCab-m,KCab-m_R,R
97927,Kenyon_Cell,KCa'b'-ap2,KCa'b'-ap2_L,L
97949,Kenyon_Cell,KCa'b'-m,KCa'b'-m_L,L
97990,DAN,PAM06,PAM06(B'2m)_L,L
97999,Kenyon_Cell,KCg-m,KCg-m_R,R
98006,Kenyon_Cell,KCab-s,KCab-s_L,L
98017,Kenyon_Cell,KCg-m,KCg-m_R,R
98070,Kenyon_Cell,KCab-m,KCab-m_L,L
98104,Kenyon_Cell,KCg-m,KCg-m_L,L
98107,Kenyon_Cell,KCab-s,KCab-s_L,L
98120,Kenyon_Cell,KCab-c,KCab-c_R,R
98265,DAN,PAM06,PAM06(B'2m)_L,L
98275,Kenyon_Cell,KCg-m,KCg-m_L,L
98318,Kenyon_Cell,KCab-s,KCab-s_L,L
98359,Kenyon_Cell,KCab-s,KCab-s_R,R
98445,Kenyon_Cell,KCab-m,KCab-m_L,L
98462,Kenyon_Cell,KCg-d,KCg-d_L,L
98490,Kenyon_Cell,KCab-s,KCab-s_R,R
98509,Kenyon_Cell,KCab-m,KCab-m_R,R
98554,DAN,PAM07,PAM07(y4<y1y2)_L,L
98582,Kenyon_Cell,KCab-m,KCab-m_L,L
98590,Kenyon_Cell,KCab-m,KCab-m_L,L
98614,Kenyon_Cell,KCab-m,KCab-m_R,R
98662,Kenyon_Cell,KCab-m,KCab-m_L,L
98665,Kenyon_Cell,KCg-m,KCg-m_L,L
98714,Kenyon_Cell,KCab-s,KCab-s_L,L
98782,Kenyon_Cell,KCg-m,KCg-m_L,L
98813,Kenyon_Cell,KCab-m,KCab-m_L,L
98901,Kenyon_Cell,KCg-d,KCg-d_L,L
98924,Kenyon_Cell,KCab-s,KCab-s_R,R
98946,Kenyon_Cell,KCg-m,KCg-m_L,L
98969,Kenyon_Cell,KCab-s,KCab-s_R,R
98979,Kenyon_Cell,KCab-s,KCab-s_R,R
99089,DAN,PAM01,PAM01(y5)_L,L
99108,Kenyon_Cell,KCab-s,KCab-s_R,R
99139,Kenyon_Cell,KCg-m,KCg-m_R,R
99140,Kenyon_Cell,KCa'b'-m,KCa'b'-m_R,R
99150,Kenyon_Cell,KCab-m,KCab-m_L,L
99154,Kenyon_Cell,KCab-m,KCab-m_R,R
99195,Kenyon_Cell,KCg-m,KCg-m_L,L
99225,Kenyon_Cell,KCg-m,KCg-m_L,L
99248,Kenyon_Cell,KCab-s,KCab-s_L,L
99281,Kenyon_Cell,KCab-p,KCab-p_L,L
99324,Kenyon_Cell,KCab-c,KCab-c_R,R
99391,Kenyon_Cell,KCg-d,KCg-d_R,R
99436,Kenyon_Cell,KCg-m,KCg-m_L,L
99583,Kenyon_Cell,KCa'b'-ap2,KCa'b'-ap2_R,R
99608,Kenyon_Cell,KCg-m,KCg-m_R,R
99659,Kenyon_Cell,KCab-s,KCab-s_R,R
99785,Kenyon_Cell,KCab-c,KCab-c_R,R
99796,Kenyon_Cell,KCa'b'-m,KCa'b'-m_R,R
99819,Kenyon_Cell,KCab-m,KCab-m_R,R
99838,Kenyon_Cell,KCab-c,KCab-c_L,L
99847,Kenyon_Cell,KCg-m,KCg-m_L,L
99858,Kenyon_Cell,KCg-m,KCg-m_L,L
99875,Kenyon_Cell,KCg-m,KCg-m_L,L
99958,Kenyon_Cell,KCab-c,KCab-c_R,R
100076,Kenyon_Cell,KCab-c,KCab-c_R,R
100136,Kenyon_Cell,KCa'b'-ap2,KCa'b'-ap2_L,L
100204,Kenyon_Cell,KCab-s,KCab-s_R,R
100237,Kenyon_Cell,KCab-c,KCab-c_L,L
100246,Kenyon_Cell,KCa'b'-ap2,KCa'b'-ap2_L,L
100251,Kenyon_Cell,KCg-m,KCg-m_L,L
100258,DAN,PAM01,PAM01(y5)_R,R
100272,Kenyon_Cell,KCg-m,KCg-m_L,L
100335,Kenyon_Cell,KCab-m,KCab-m_R,R
100341,Kenyon_Cell,KCab-c,KCab-c_L,L
100423,Kenyon_Cell,KCa'b'-m,KCa'b'-m_R,R
100484,Kenyon_Cell,KCab-s,KCab-s_L,L
100497,Kenyon_Cell,KCab-s,KCab-s_R,R
100537,Kenyon_Cell,KCab-m,KCab-m_R,R
100544,Kenyon_Cell,KCab-s,KCab-s_R,R
100592,Kenyon_Cell,KCg-d,KCg-d_L,L
100615,Kenyon_Cell,KCg-m,KCg-m_L,L
100619,Kenyon_Cell,KCab-c,KCab-c_L,L
100672,Kenyon_Cell,KCab-c,KCab-c_R,R
100728,Kenyon_Cell,KCa'b'-ap2,KCa'b'-ap2_L,L
100773,Kenyon_Cell,KCg-m,KCg-m_L,L
100795,Kenyon_Cell,KCab-s,KCab-s_R,R
100815,Kenyon_Cell,KCab-s,KCab-s_R,R
100823,Kenyon_Cell,KCab-m,KCab-m_R,R
100878,Kenyon_Cell,KCab-m,KCab-m_L,L
100885,Kenyon_Cell,KCab-c,KCab-c_L,L
100914,Kenyon_Cell,KCab-c,KCab-c_R,R
100950,Kenyon_Cell,KCab-s,KCab-s_R,R
101010,Kenyon_Cell,KCg-m,KCg-m_L,L
101133,Kenyon_Cell,KCg-m,KCg-m_L,L
101257,Kenyon_Cell,KCab-m,KCab-m_R,R
101312,Kenyon_Cell,KCg-m,KCg-m_L,L
101313,Kenyon_Cell,KCab-m,KCab-m_L,L
101320,Kenyon_Cell,KCab-m,KCab-m_R,R
101490,Kenyon_Cell,KCab-s,KCab-s_R,R
101524,Kenyon_Cell,KCab-m,KCab-m_L,L
101538,Kenyon_Cell,KCab-s,KCab-s_L,L
101596,Kenyon_Cell,KCab-m,KCab-m_L,L
101647,Kenyon_Cell,KCg-d,KCg-d_L,L
101648,Kenyon_Cell,KCa'b'-m,KCa'b'-m_L,L
101691,Kenyon_Cell,KCab-s,KCab-s_R,R
101786,Kenyon_Cell,KCab-s,KCab-s_L,L
101792,Kenyon_Cell,KCg-m,KCg-m_L,L
101802,Kenyon_Cell,KCab-s,KCab-s_R,R
101816,Kenyon_Cell,KCab-m,KCab-m_R,R
101981,Kenyon_Cell,KCab-m,KCab-m_L,L
102042,Kenyon_Cell,KCab-s,KCab-s_R,R
102084,Kenyon_Cell,KCab-m,KCab-m_R,R
102095,Kenyon_Cell,KCg-m,KCg-m_L,L
102109,Kenyon_Cell,KCab-m,KCab-m_L,L
102136,Kenyon_Cell,KCg-m,KCg-m_L,L
102199,Kenyon_Cell,KCg-m,KCg-m_L,L
102210,Kenyon_Cell,KCab-s,KCab-s_R,R
102283,Kenyon_Cell,KCg-d,KCg-d_R,R
102310,Kenyon_Cell,KCab-s,KCab-s_R,R
102317,Kenyon_Cell,KCa'b'-m,KCa'b'-m_L,L
102357,Kenyon_Cell,KCab-c,KCab-c_R,R
102440,Kenyon_Cell,KCab-m,KCab-m_L,L
102457,Kenyon_Cell,KCab-s,KCab-s_R,R
102459,Kenyon_Cell,KCab-c,KCab-c_L,L
102468,Kenyon_Cell,KCab-m,KCab-m_R,R
102512,Kenyon_Cell,KCab-s,KCab-s_L,L
102548,Kenyon_Cell,KCab-m,KCab-m_L,L
102587,Kenyon_Cell,KCab-s,KCab-s_R,R
102621,Kenyon_Cell,KCg-m,KCg-m_L,L
102671,Kenyon_Cell,KCab-c,KCab-c_R,R
102719,Kenyon_Cell,KCab-s,KCab-s_L,L
102744,Kenyon_Cell,KCab-m,KCab-m_L,L
102748,Kenyon_Cell,KCab-s,KCab-s_R,R
102887,Kenyon_Cell,KCg-m,KCg-m_R,R
102904,Kenyon_Cell,KCab-m,KCab-m_L,L
102923,Kenyon_Cell,KCab-m,KCab-m_R,R
102936,DAN,PAM08,PAM08(y4)_R,R
102954,Kenyon_Cell,KCg-m,KCg-m_L,L
102990,Kenyon_Cell,KCab-m,KCab-m_R,R
102997,Kenyon_Cell,KCab-s,KCab-s_R,R
103011,Kenyon_Cell,KCab-c,KCab-c_R,R
103144,Kenyon_Cell,KCg-m,KCg-m_R,R
103255,DAN,PAM08,PAM08(y4)_R,R
103274,Kenyon_Cell,KCab-m,KCab-m_R,R
103278,Kenyon_Cell,KCab-p,KCab-p_R,R
103401,Kenyon_Cell,KCab-s,KCab-s_R,R
103416,Kenyon_Cell,KCg-m,KCg-m_L,L
103419,Kenyon_Cell,KCab-m,KCab-m_R,R
103421,Kenyon_Cell,KCab-m,KCab-m_L,L
103423,Kenyon_Cell,KCab-s,KCab-s_L,L
103433,DAN,PAM14,PAM14(B'1m)_R,R
103436,Kenyon_Cell,KCab-m,KCab-m_L,L
103502,Kenyon_Cell,KCab-s,KCab-s_L,L
103609,Kenyon_Cell,KCg-m,KCg-m_L,L
103640,Kenyon_Cell,KCab-p,KCab-p_R,R
103663,Kenyon_Cell,KCg-d,KCg-d_R,R
103704,Kenyon_Cell,KCab-s,KCab-s_R,R
103715,Kenyon_Cell,KCg-d,KCg-d_L,L
103720,Kenyon_Cell,KCg-m,KCg-m_L,L
103728,Kenyon_Cell,KCab-s,KCab-s_L,L
103750,Kenyon_Cell,KCg-m,KCg-m_L,L
103770,Kenyon_Cell,KCg-d,KCg-d_L,L
103794,Kenyon_Cell,KCa'b'-m,KCa'b'-m_L,L
103832,Kenyon_Cell,KCab-p,KCab-p_R,R
103845,Kenyon_Cell,KCa'b'-m,KCa'b'-m_L,L
103941,Kenyon_Cell,KCab-m,KCab-m_L,L
103945,Kenyon_Cell,KCab-s,KCab-s_R,R
103957,Kenyon_Cell,KCa'b'-ap2,KCa'b'-ap2_L,L
104068,Kenyon_Cell,KCg-m,KCg-m_L,L
104082,Kenyon_Cell,KCab-m,KCab-m_R,R
104086,Kenyon_Cell,KCab-s,KCab-s_R,R
104117,Kenyon_Cell,KCab-m,KCab-m_R,R
104127,Kenyon_Cell,KCab-c,KCab-c_L,L
104149,Kenyon_Cell,KCab-s,KCab-s_R,R
104166,Kenyon_Cell,KCg-m,KCg-m_R,R
104232,Kenyon_Cell,KCab-m,KCab-m_R,R
104240,Kenyon_Cell,KCab-c,KCab-c_R,R
104284,Kenyon_Cell,KCab-c,KCab-c_L,L
104293,Kenyon_Cell,KCab-c,KCab-c_R,R
104359,Kenyon_Cell,KCab-m,KCab-m_L,L
104385,Kenyon_Cell,KCg-m,KCg-m_L,L
104393,Kenyon_Cell,KCab-s,KCab-s_R,R
104448,Kenyon_Cell,KCa'b'-m,KCa'b'-m_L,L
104460,DAN,PAM12,PAM12(y3)_L,L
104462,Kenyon_Cell,KCab-s,KCab-s_L,L
104490,Kenyon_Cell,KCab-m,KCab-m_R,R
104513,Kenyon_Cell,KCg-d,KCg-d_R,R
104526,Kenyon_Cell,KCg-m,KCg-m_R,R
104535,Kenyon_Cell,KCa'b'-ap2,KCa'b'-ap2_L,L
104545,Kenyon_Cell,KCab-m,KCab-m_L,L
104713,DAN,PAM08,PAM08(y4)_R,R
104717,Kenyon_Cell,KCab-s,KCab-s_L,L
104723,Kenyon_Cell,KCab-s,KCab-s_R,R
104743,Kenyon_Cell,KCab-m,KCab-m_L,L
104745,Kenyon_Cell,KCab-s,KCab-s_R,R
104755,Kenyon_Cell,KCa'b'-ap1,KCa'b'-ap1_R,R
104845,Kenyon_Cell,KCa'b'-ap2,KCa'b'-ap2_L,L
104846,Kenyon_Cell,KCab-s,KCab-s_R,R
104866,Kenyon_Cell,KCab-c,KCab-c_L,L
104887,Kenyon_Cell,KCab-m,KCab-m_R,R
104940,Kenyon_Cell,KCab-c,KCab-c_R,R
104970,Kenyon_Cell,KCab-m,KCab-m_L,L
104980,Kenyon_Cell,KCab-m,KCab-m_R,R
104983,Kenyon_Cell,KCg-m,KCg-m_L,L
105128,Kenyon_Cell,KCg-m,KCg-m_R,R
105134,Kenyon_Cell,KCab-s,KCab-s_R,R
105264,Kenyon_Cell,KCab-s,KCab-s_R,R
105330,Kenyon_Cell,KCab-s,KCab-s_R,R
105338,Kenyon_Cell,KCab-m,KCab-m_L,L
105345,Kenyon_Cell,KCab-c,KCab-c_R,R
105349,Kenyon_Cell,KCab-s,KCab-s_R,R
105362,DAN,PAM05,PAM05(B'2p)_R,R
105365,DAN,PAM08,PAM08(y4)_R,R
105400,Kenyon_Cell,KCab-c,KCab-c_L,L
105407,Kenyon_Cell,KCg-m,KCg-m_L,L
105447,DAN,PAM12,PAM12(y3)_L,L
105509,Kenyon_Cell,KCab-m,KCab-m_L,L
105653,Kenyon_Cell,KCab-m,KCab-m_L,L
105662,Kenyon_Cell,KCg-d,KCg-d_L,L
105676,Kenyon_Cell,KCab-s,KCab-s_R,R
105684,Kenyon_Cell,KCab-p,KCab-p_R,R
105807,Kenyon_Cell,KCab-s,KCab-s_R,R
105929,Kenyon_Cell,KCab-m,KCab-m_L,L
105935,Kenyon_Cell,KCab-s,KCab-s_L,L
105960,Kenyon_Cell,KCab-s,KCab-s_L,L
106034,Kenyon_Cell,KCab-m,KCab-m_R,R
106115,Kenyon_Cell,KCg-m,KCg-m_R,R
106124,Kenyon_Cell,KCab-m,KCab-m_R,R
106206,Kenyon_Cell,KCab-s,KCab-s_L,L
106209,Kenyon_Cell,KCab-m,KCab-m_L,L
106236,Kenyon_Cell,KCa'b'-ap2,KCa'b'-ap2_R,R
106301,Kenyon_Cell,KCg-d,KCg-d_R,R
106446,Kenyon_Cell,KCab-m,KCab-m_R,R
106448,Kenyon_Cell,KCa'b'-m,KCa'b'-m_L,L
106506,Kenyon_Cell,KCab-s,KCab-s_L,L
106511,Kenyon_Cell,KCab-m,KCab-m_L,L
106559,Kenyon_Cell,KCa'b'-ap2,KCa'b'-ap2_L,L
106691,Kenyon_Cell,KCg-m,KCg-m_R,R
106711,Kenyon_Cell,KCa'b'-ap2,KCa'b'-ap2_R,R
106762,Kenyon_Cell,KCab-m,KCab-m_L,L
106828,Kenyon_Cell,KCab-m,KCab-m_R,R
106846,Kenyon_Cell,KCab-c,KCab-c_R,R
106882,Kenyon_Cell,KCab-m,KCab-m_R,R
106885,Kenyon_Cell,KCg-m,KCg-m_L,L
106893,Kenyon_Cell,KCab-s,KCab-s_R,R
106905,Kenyon_Cell,KCg-m,KCg-m_L,L
106931,Kenyon_Cell,KCa'b'-ap2,KCa'b'-ap2_R,R
106942,Kenyon_Cell,KCab-m,KCab-m_L,L
106981,Kenyon_Cell,KCab-s,KCab-s_R,R
107009,Kenyon_Cell,KCab-s,KCab-s_L,L
107019,Kenyon_Cell,KCg-m,KCg-m_L,L
107027,Kenyon_Cell,KCab-m,KCab-m_R,R
107041,Kenyon_Cell,KCab-s,KCab-s_R,R
107164,Kenyon_Cell,KCg-m,KCg-m_L,L
107197,Kenyon_Cell,KCg-m,KCg-m_R,R
107232,Kenyon_Cell,KCg-m,KCg-m_L,L
107285,DAN,PAM08,PAM08(y4)_L,L
107312,Kenyon_Cell,KCa'b'-m,KCa'b'-m_L,L
107336,Kenyon_Cell,KCab-m,KCab-m_R,R
107452,Kenyon_Cell,KCg-m,KCg-m_R,R
107453,Kenyon_Cell,KCab-s,KCab-s_R,R
107516,Kenyon_Cell,KCg-m,KCg-m_L,L
107550,Kenyon_Cell,KCa'b'-ap2,KCa'b'-ap2_L,L
107575,Kenyon_Cell,KCab-c,KCab-c_L,L
107653,Kenyon_Cell,KCab-s,KCab-s_R,R
107657,Kenyon_Cell,KCab-s,KCab-s_R,R
107679,Kenyon_Cell,KCab-s,KCab-s_L,L
107737,Kenyon_Cell,KCab-p,KCab-p_L,L
107761,Kenyon_Cell,KCab-m,KCab-m_R,R
107780,Kenyon_Cell,KCab-m,KCab-m_R,R
107825,Kenyon_Cell,KCab-m,KCab-m_L,L
107840,Kenyon_Cell,KCab-m,KCab-m_R,R
107852,Kenyon_Cell,KCg-m,KCg-m_R,R
107986,DAN,PAM02,PAM02(B'2a)_L,L
108002,Kenyon_Cell,KCg-m,KCg-m_R,R
108059,Kenyon_Cell,KCab-s,KCab-s_L,L
108072,Kenyon_Cell,KCab-p,KCab-p_L,L
108124,Kenyon_Cell,KCab-m,KCab-m_R,R
108126,Kenyon_Cell,KCab-m,KCab-m_R,R
108277,Kenyon_Cell,KCab-c,KCab-c_L,L
108345,Kenyon_Cell,KCab-s,KCab-s_L,L
108379,Kenyon_Cell,KCg-m,KCg-m_L,L
108389,Kenyon_Cell,KCg-m,KCg-m_L,L
108406,Kenyon_Cell,KCa'b'-m,KCa'b'-m_R,R
108429,DAN,PAM04,PAM04(B2)_L,L
108481,Kenyon_Cell,KCab-c,KCab-c_R,R
108536,Kenyon_Cell,KCg-m,KCg-m_L,L
108539,Kenyon_Cell,KCab-c,KCab-c_L,L
108576,DAN,PAM13,PAM13(B'1ap)_R,R
108602,Kenyon_Cell,KCab-m,KCab-m_R,R
108610,Kenyon_Cell,KCab-m,KCab-m_L,L
108622,Kenyon_Cell,KCab-m,KCab-m_R,R
108640,Kenyon_Cell,KCab-m,KCab-m_L,L
108661,Kenyon_Cell,KCab-s,KCab-s_L,L
108808,Kenyon_Cell,KCab-c,KCab-c_L,L
108833,Kenyon_Cell,KCg-m,KCg-m_R,R
109056,Kenyon_Cell,KCab-m,KCab-m_R,R
109108,Kenyon_Cell,KCab-m,KCab-m_L,L
109117,Kenyon_Cell,KCa'b'-ap2,KCa'b'-ap2_L,L
109161,Kenyon_Cell,KCg-m,KCg-m_L,L
109220,Kenyon_Cell,KCa'b'-ap2,KCa'b'-ap2_L,L
109263,Kenyon_Cell,KCab-c,KCab-c_L,L
109268,Kenyon_Cell,KCg-m,KCg-m_R,R
109275,Kenyon_Cell,KCg-m,KCg-m_L,L
109321,Kenyon_Cell,KC,KC_R,R
109332,Kenyon_Cell,KCab-m,KCab-m_R,R
109333,Kenyon_Cell,KCab-m,KCab-m_L,L
109382,Kenyon_Cell,KCab-m,KCab-m_L,L
109413,Kenyon_Cell,KCab-p,KCab-p_L,L
109449,Kenyon_Cell,KCg-m,KCg-m_L,L
109478,Kenyon_Cell,KCab-p,KCab-p_L,L
109492,Kenyon_Cell,KCg-m,KCg-m_L,L
109512,Kenyon_Cell,KCg-m,KCg-m_L,L
109550,Kenyon_Cell,KCab-c,KCab-c_L,L
109583,Kenyon_Cell,KCg-m,KCg-m_R,R
109607,Kenyon_Cell,KCa'b'-m,KCa'b'-m_L,L
109619,Kenyon_Cell,KCab-m,KCab-m_L,L
109624,DAN,PAM08,PAM08(y4)_L,L
109655,Kenyon_Cell,KCa'b'-ap1,KCa'b'-ap1_L,L
109676,Kenyon_Cell,KCg-m,KCg-m_L,L
109697,Kenyon_Cell,KCg-m,KCg-m_R,R
109708,Kenyon_Cell,KCg-m,KCg-m_L,L
109755,Kenyon_Cell,KCab-s,KCab-s_R,R
109758,Kenyon_Cell,KCab-c,KCab-c_L,L
109793,DAN,PAM04,PAM04(B2)_L,L
109802,Kenyon_Cell,KCab-s,KCab-s_L,L
109851,Kenyon_Cell,KCab-m,KCab-m_L,L
109853,Kenyon_Cell,KCg-m,KCg-m_L,L
109862,Kenyon_Cell,KCab-s,KCab-s_R,R
109870,Kenyon_Cell,KCab-m,KCab-m_L,L
109871,Kenyon_Cell,KCab-m,KCab-m_R,R
109873,Kenyon_Cell,KCg-m,KCg-m_R,R
109910,Kenyon_Cell,KCab-m,KCab-m_R,R
109917,Kenyon_Cell,KCab-s,KCab-s_L,L
109919,Kenyon_Cell,KCab-s,KCab-s_L,L
109988,Kenyon_Cell,KCab-s,KCab-s_R,R
110009,Kenyon_Cell,KCab-m,KCab-m_R,R
110050,Kenyon_Cell,KCab-m,KCab-m_L,L
110079,Kenyon_Cell,KCab-m,KCab-m_R,R
110090,Kenyon_Cell,KCg-m,KCg-m_L,L
110112,Kenyon_Cell,KCab-s,KCab-s_L,L
110210,Kenyon_Cell,KCab-s,KCab-s_L,L
110269,Kenyon_Cell,KCab-p,KCab-p_R,R
110274,Kenyon_Cell,KCab-m,KCab-m_L,L
110282,Kenyon_Cell,KCg-m,KCg-m_L,L
110328,Kenyon_Cell,KCab-c,KCab-c_L,L
110338,Kenyon_Cell,KCab-c,KCab-c_R,R
110375,Kenyon_Cell,KCg-m,KCg-m_R,R
110380,Kenyon_Cell,KCab-s,KCab-s_R,R
110448,MBON,MBON25-like,MBON25-like(y1y2)_L,L
110544,Kenyon_Cell,KCab-s,KCab-s_L,L
110574,Kenyon_Cell,KCg-m,KCg-m_L,L
110599,Kenyon_Cell,KCab-s,KCab-s_R,R
110653,DAN,PAM05,PAM05(B'2p)_R,R
110674,Kenyon_Cell,KCab-s,KCab-s_R,R
110689,Kenyon_Cell,KCab-m,KCab-m_L,L
110701,Kenyon_Cell,KCab-m,KCab-m_L,L
110746,Kenyon_Cell,KCg-d,KCg-d_L,L
110815,Kenyon_Cell,KCab-m,KCab-m_R,R
110897,Kenyon_Cell,KCab-s,KCab-s_R,R
110950,Kenyon_Cell,KCg-m,KCg-m_L,L
111033,Kenyon_Cell,KCab-c,KCab-c_L,L
111060,Kenyon_Cell,KCab-s,KCab-s_R,R
111109,Kenyon_Cell,KCg-m,KCg-m_L,L
111127,Kenyon_Cell,KCg-m,KCg-m_L,L
111165,Kenyon_Cell,KCg-m,KCg-m_R,R
111185,Kenyon_Cell,KCa'b'-ap1,KCa'b'-ap1_R,R
111197,Kenyon_Cell,KCg-d,KCg-d_L,L
111260,Kenyon_Cell,KCab-m,KCab-m_L,L
111360,Kenyon_Cell,KCab-m,KCab-m_R,R
111576,Kenyon_Cell,KCg-m,KCg-m_L,L
111636,Kenyon_Cell,KCab-m,KCab-m_L,L
111640,Kenyon_Cell,KCab-c,KCab-c_L,L
111652,Kenyon_Cell,KCab-s,KCab-s_L,L
111655,Kenyon_Cell,KCg-m,KCg-m_L,L
111665,DAN,PAM12,PAM12(y3)_R,R
111695,Kenyon_Cell,KCg-m,KCg-m_L,L
111702,Kenyon_Cell,KCab-c,KCab-c_L,L
111744,Kenyon_Cell,KCg-d,KCg-d_R,R
111754,Kenyon_Cell,KCab-c,KCab-c_L,L
111795,Kenyon_Cell,KCg-m,KCg-m_L,L
111803,Kenyon_Cell,KCg-m,KCg-m_L,L
111812,Kenyon_Cell,KCab-c,KCab-c_R,R
111878,Kenyon_Cell,KCab-m,KCab-m_L,L
111958,Kenyon_Cell,KCab-c,KCab-c_L,L
111985,Kenyon_Cell,KCab-c,KCab-c_R,R
112009,Kenyon_Cell,KCg-m,KCg-m_L,L
112023,Kenyon_Cell,KCab-c,KCab-c_R,R
112026,Kenyon_Cell,KCab-m,KCab-m_L,L
112040,Kenyon_Cell,KCg-m,KCg-m_R,R
112144,Kenyon_Cell,KCa'b'-m,KCa'b'-m_L,L
112189,Kenyon_Cell,KCg-m,KCg-m_L,L
112293,Kenyon_Cell,KCa'b'-m,KCa'b'-m_L,L
112329,Kenyon_Cell,KCab-m,KCab-m_L,L
112359,Kenyon_Cell,KCg-m,KCg-m_L,L
112378,Kenyon_Cell,KCab-m,KCab-m_L,L
112442,Kenyon_Cell,KCg-m,KCg-m_L,L
112593,Kenyon_Cell,KCg-m,KCg-m_L,L
112605,Kenyon_Cell,KCab-c,KCab-c_L,L
112610,Kenyon_Cell,KCab-m,KCab-m_L,L
112621,Kenyon_Cell,KCab-s,KCab-s_L,L
112683,Kenyon_Cell,KCab-m,KCab-m_L,L
112697,Kenyon_Cell,KCg-m,KCg-m_L,L
112729,Kenyon_Cell,KCab-s,KCab-s_L,L
112749,Kenyon_Cell,KCg-m,KCg-m_R,R
112834,Kenyon_Cell,KCab-c,KCab-c_L,L
112835,Kenyon_Cell,KCg-m,KCg-m_L,L
112879,Kenyon_Cell,KCg-m,KCg-m_L,L
112896,Kenyon_Cell,KCab-m,KCab-m_R,R
113001,DAN,PAM12,PAM12(y3)_R,R
113055,Kenyon_Cell,KCab-m,KCab-m_R,R
113057,Kenyon_Cell,KCab-s,KCab-s_R,R
113067,DAN,PAM01,PAM01(y5)_R,R
113074,Kenyon_Cell,KCab-c,KCab-c_L,L
113090,Kenyon_Cell,KCab-c,KCab-c_R,R
113244,Kenyon_Cell,KCab-m,KCab-m_L,L
113252,Kenyon_Cell,KCab-m,KCab-m_L,L
113280,Kenyon_Cell,KCab-c,KCab-c_R,R
113286,Kenyon_Cell,KCg-m,KCg-m_L,L
113299,Kenyon_Cell,KCab-m,KCab-m_L,L
113394,Kenyon_Cell,KCab-s,KCab-s_R,R
113429,Kenyon_Cell,KCab-c,KCab-c_L,L
113450,Kenyon_Cell,KCab-s,KCab-s_L,L
113528,Kenyon_Cell,KCg-m,KCg-m_L,L
113606,Kenyon_Cell,KCab-s,KCab-s_R,R
113611,Kenyon_Cell,KCab-s,KCab-s_R,R
113661,Kenyon_Cell,KCab-m,KCab-m_R,R
113741,Kenyon_Cell,KCab-s,KCab-s_L,L
113835,Kenyon_Cell,KCab-m,KCab-m_R,R
113903,Kenyon_Cell,KCab-m,KCab-m_R,R
113972,Kenyon_Cell,KCg-m,KCg-m_L,L
114029,Kenyon_Cell,KCg-m,KCg-m_L,L
114089,Kenyon_Cell,KCab-s,KCab-s_R,R
114090,Kenyon_Cell,KCg-m,KCg-m_L,L
114103,Kenyon_Cell,KCab-m,KCab-m_R,R
114179,Kenyon_Cell,KCg-d,KCg-d_L,L
114209,Kenyon_Cell,KCab-m,KCab-m_R,R
114216,DAN,PAM01,PAM01(y5)_L,L
114235,Kenyon_Cell,KCg-m,KCg-m_R,R
114290,Kenyon_Cell,KCab-c,KCab-c_L,L
114316,Kenyon_Cell,KCab-s,KCab-s_R,R
114354,Kenyon_Cell,KCa'b'-ap2,KCa'b'-ap2_L,L
114364,Kenyon_Cell,KCab-m,KCab-m_L,L
114370,Kenyon_Cell,KCa'b'-ap1,KCa'b'-ap1_R,R
114440,Kenyon_Cell,KCab-m,KCab-m_L,L
114522,DAN,PAM07,PAM07(y4<y1y2)_R,R
114580,Kenyon_Cell,KCab-m,KCab-m_L,L
114594,Kenyon_Cell,KCg-m,KCg-m_R,R
114597,Kenyon_Cell,KCab-c,KCab-c_L,L
114649,Kenyon_Cell,KCab-m,KCab-m_L,L
114661,DAN,PAM11,PAM11(a1)_R,R
114700,DAN,PAM01,PAM01(y5)_R,R
114745,Kenyon_Cell,KCab-s,KCab-s_L,L
114847,Kenyon_Cell,KCab-c,KCab-c_L,L
114865,Kenyon_Cell,KCab-m,KCab-m_L,L
114889,Kenyon_Cell,KCab-m,KCab-m_L,L
114902,Kenyon_Cell,KCab-c,KCab-c_L,L
114930,Kenyon_Cell,KCab-c,KCab-c_L,L
114956,Kenyon_Cell,KCg-m,KCg-m_L,L
115071,Kenyon_Cell,KCab-c,KCab-c_R,R
115174,Kenyon_Cell,KCab-m,KCab-m_L,L
115234,Kenyon_Cell,KCg-m,KCg-m_L,L
115240,Kenyon_Cell,KCg-m,KCg-m_R,R
115267,Kenyon_Cell,KCab-s,KCab-s_R,R
115287,Kenyon_Cell,KCg-m,KCg-m_L,L
115470,Kenyon_Cell,KCg-d,KCg-d_L,L
115485,Kenyon_Cell,KCab-s,KCab-s_R,R
115501,Kenyon_Cell,KCab-c,KCab-c_R,R
115540,Kenyon_Cell,KCab-s,KCab-s_L,L
115611,Kenyon_Cell,KCab-c,KCab-c_L,L
115617,DAN,PAM04,PAM04(B2)_L,L
115664,Kenyon_Cell,KCg-m,KCg-m_L,L
115711,Kenyon_Cell,KCg-m,KCg-m_L,L
115752,Kenyon_Cell,KCab-c,KCab-c_L,L
115819,Kenyon_Cell,KCab-c,KCab-c_L,L
115868,DAN,PAM14,PAM14(B'1m)_R,R
116057,Kenyon_Cell,KCab-p,KCab-p_L,L
116084,Kenyon_Cell,KCg-m,KCg-m_L,L
116218,Kenyon_Cell,KCg-m,KCg-m_L,L
116246,Kenyon_Cell,KCab-c,KCab-c_L,L
116304,Kenyon_Cell,KCab-m,KCab-m_L,L
116436,Kenyon_Cell,KCg-m,KCg-m_L,L
116458,Kenyon_Cell,KCab-c,KCab-c_L,L
116467,Kenyon_Cell,KCab-m,KCab-m_R,R
116518,Kenyon_Cell,KCg-m,KCg-m_L,L
116550,Kenyon_Cell,KCg-m,KCg-m_L,L
116553,Kenyon_Cell,KCg-m,KCg-m_L,L
116895,Kenyon_Cell,KCab-c,KCab-c_L,L
116917,Kenyon_Cell,KCg-d,KCg-d_L,L
116973,Kenyon_Cell,KCg-m,KCg-m_L,L
117016,Kenyon_Cell,KCab-c,KCab-c_L,L
117038,Kenyon_Cell,KCab-s,KCab-s_L,L
117041,Kenyon_Cell,KCab-m,KCab-m_R,R
117051,Kenyon_Cell,KCg-m,KCg-m_L,L
117077,Kenyon_Cell,KCab-m,KCab-m_L,L
117106,Kenyon_Cell,KCa'b'-m,KCa'b'-m_L,L
117108,Kenyon_Cell,KCab-c,KCab-c_L,L
117135,Kenyon_Cell,KCg-m,KCg-m_L,L
117171,Kenyon_Cell,KCab-p,KCab-p_L,L
117192,Kenyon_Cell,KCab-p,KCab-p_R,R
117195,Kenyon_Cell,KCab-s,KCab-s_L,L
117228,Kenyon_Cell,KCab-m,KCab-m_R,R
117243,Kenyon_Cell,KCab-s,KCab-s_R,R
117286,Kenyon_Cell,KCg-m,KCg-m_L,L
117342,Kenyon_Cell,KCab-s,KCab-s_R,R
117370,Kenyon_Cell,KCab-s,KCab-s_R,R
117375,Kenyon_Cell,KCab-c,KCab-c_R,R
117446,Kenyon_Cell,KCab-s,KCab-s_R,R
117495,Kenyon_Cell,KCab-c,KCab-c_R,R
117513,Kenyon_Cell,KCg-m,KCg-m_L,L
117560,Kenyon_Cell,KCab-c,KCab-c_L,L
117660,Kenyon_Cell,KCab-m,KCab-m_R,R
117723,Kenyon_Cell,KCab-c,KCab-c_L,L
117777,Kenyon_Cell,KCab-s,KCab-s_R,R
117782,DAN,PAM08,PAM08(y4)_L,L
117811,Kenyon_Cell,KCab-p,KCab-p_L,L
117883,Kenyon_Cell,KCab-s,KCab-s_R,R
117886,Kenyon_Cell,KCab-c,KCab-c_R,R
117936,Kenyon_Cell,KCg-d,KCg-d_L,L
117952,Kenyon_Cell,KCg-m,KCg-m_R,R
118000,Kenyon_Cell,KCg-m,KCg-m_L,L
118007,Kenyon_Cell,KCab-m,KCab-m_L,L
118021,Kenyon_Cell,KCab-m,KCab-m_R,R
118041,Kenyon_Cell,KCab-c,KCab-c_R,R
118080,Kenyon_Cell,KCab-s,KCab-s_L,L
118083,Kenyon_Cell,KCab-s,KCab-s_L,L
118100,Kenyon_Cell,KCg-m,KCg-m_L,L
118184,Kenyon_Cell,KCab-p,KCab-p_L,L
118204,Kenyon_Cell,KCab-c,KCab-c_R,R
118280,Kenyon_Cell,KCg-d,KCg-d_L,L
118341,Kenyon_Cell,KCab-p,KCab-p_R,R
118351,Kenyon_Cell,KCab-s,KCab-s_R,R
118504,Kenyon_Cell,KCab-s,KCab-s_R,R
118507,Kenyon_Cell,KCab-c,KCab-c_L,L
118508,Kenyon_Cell,KCg-m,KCg-m_L,L
118532,Kenyon_Cell,KCab-c,KCab-c_R,R
118569,Kenyon_Cell,KCab-p,KCab-p_R,R
118580,Kenyon_Cell,KCa'b'-ap1,KCa'b'-ap1_L,L
118595,Kenyon_Cell,KCab-c,KCab-c_R,R
118629,Kenyon_Cell,KCg-m,KCg-m_R,R
118636,Kenyon_Cell,KCa'b'-m,KCa'b'-m_R,R
118732,Kenyon_Cell,KCg-m,KCg-m_L,L
118769,Kenyon_Cell,KCg-m,KCg-m_R,R
118825,Kenyon_Cell,KCab-c,KCab-c_L,L
118841,Kenyon_Cell,KCab-s,KCab-s_L,L
119055,Kenyon_Cell,KCab-s,KCab-s_L,L
119101,Kenyon_Cell,KCg-m,KCg-m_R,R
119144,Kenyon_Cell,KCg-m,KCg-m_L,L
119152,Kenyon_Cell,KCg-m,KCg-m_L,L
119160,Kenyon_Cell,KCab-c,KCab-c_R,R
119167,Kenyon_Cell,KCg-d,KCg-d_L,L
119240,Kenyon_Cell,KCab-m,KCab-m_L,L
119278,Kenyon_Cell,KCg-m,KCg-m_R,R
119280,Kenyon_Cell,KCg-m,KCg-m_R,R
119348,Kenyon_Cell,KCab-s,KCab-s_L,L
119411,Kenyon_Cell,KCab-m,KCab-m_L,L
119413,Kenyon_Cell,KCab-s,KCab-s_L,L
119465,Kenyon_Cell,KCab-c,KCab-c_L,L
119468,Kenyon_Cell,KCab-m,KCab-m_R,R
119475,Kenyon_Cell,KCg-m,KCg-m_L,L
119499,DAN,PAM08,PAM08(y4)_L,L
119532,Kenyon_Cell,KCab-s,KCab-s_L,L
119536,Kenyon_Cell,KCg-m,KCg-m_L,L
119591,Kenyon_Cell,KCg-m,KCg-m_R,R
119612,Kenyon_Cell,KCg-m,KCg-m_L,L
119632,Kenyon_Cell,KCg-m,KCg-m_R,R
119635,Kenyon_Cell,KCab-s,KCab-s_L,L
119763,DAN,PAM11,PAM11(a1)_L,L
119852,Kenyon_Cell,KCab-s,KCab-s_R,R
119901,Kenyon_Cell,KCab-p,KCab-p_L,L
119936,Kenyon_Cell,KCg-m,KCg-m_R,R
120070,Kenyon_Cell,KCab-s,KCab-s_L,L
120094,Kenyon_Cell,KCab-m,KCab-m_R,R
120202,Kenyon_Cell,KCab-m,KCab-m_L,L
120259,DAN,PAM04,PAM04(B2)_R,R
120275,Kenyon_Cell,KCa'b'-ap2,KCa'b'-ap2_L,L
120291,Kenyon_Cell,KCab-s,KCab-s_L,L
120313,Kenyon_Cell,KCg-m,KCg-m_L,L
120513,Kenyon_Cell,KCab-c,KCab-c_L,L
120567,Kenyon_Cell,KCab-s,KCab-s_R,R
120642,Kenyon_Cell,KCg-m,KCg-m_L,L
120660,Kenyon_Cell,KCab-m,KCab-m_L,L
120689,Kenyon_Cell,KCab-m,KCab-m_R,R
120699,Kenyon_Cell,KCab-m,KCab-m_R,R
120726,Kenyon_Cell,KCab-m,KCab-m_R,R
120768,DAN,PAM07,PAM07(y4<y1y2)_R,R
120781,Kenyon_Cell,KCab-c,KCab-c_R,R
120818,Kenyon_Cell,KCg-m,KCg-m_L,L
120853,Kenyon_Cell,KCg-m,KCg-m_L,L
120894,Kenyon_Cell,KCab-s,KCab-s_L,L
120914,Kenyon_Cell,KCab-s,KCab-s_R,R
120949,Kenyon_Cell,KCg-d,KCg-d_R,R
121079,Kenyon_Cell,KCab-c,KCab-c_L,L
121103,Kenyon_Cell,KCg-m,KCg-m_R,R
121106,Kenyon_Cell,KCab-c,KCab-c_L,L
121122,Kenyon_Cell,KCab-m,KCab-m_L,L
121138,Kenyon_Cell,KCab-m,KCab-m_R,R
121150,Kenyon_Cell,KCab-m,KCab-m_R,R
121241,Kenyon_Cell,KCab-m,KCab-m_R,R
121446,Kenyon_Cell,KCab-c,KCab-c_L,L
121501,Kenyon_Cell,KCg-m,KCg-m_L,L
121597,Kenyon_Cell,KCab-c,KCab-c_L,L
121665,Kenyon_Cell,KCab-m,KCab-m_L,L
121704,Kenyon_Cell,KCab-c,KCab-c_L,L
121712,Kenyon_Cell,KCg-m,KCg-m_L,L
121769,Kenyon_Cell,KCab-s,KCab-s_R,R
121910,Kenyon_Cell,KCab-c,KCab-c_L,L
121966,Kenyon_Cell,KCab-c,KCab-c_R,R
122000,Kenyon_Cell,KCab-s,KCab-s_R,R
122062,DAN,PAM08,PAM08(y4)_R,R
122077,Kenyon_Cell,KCg-m,KCg-m_L,L
122089,Kenyon_Cell,KCab-s,KCab-s_R,R
122110,Kenyon_Cell,KCab-p,KCab-p_R,R
122137,Kenyon_Cell,KCab-m,KCab-m_R,R
122226,Kenyon_Cell,KCab-m,KCab-m_L,L
122240,Kenyon_Cell,KCab-m,KCab-m_L,L
122249,Kenyon_Cell,KCab-s,KCab-s_R,R
122275,Kenyon_Cell,KCab-m,KCab-m_L,L
122285,Kenyon_Cell,KCg-m,KCg-m_L,L
122293,Kenyon_Cell,KCg-m,KCg-m_R,R
122326,Kenyon_Cell,KCg-m,KCg-m_L,L
122354,Kenyon_Cell,KCg-m,KCg-m_R,R
122378,Kenyon_Cell,KCg-m,KCg-m_L,L
122463,Kenyon_Cell,KCab-s,KCab-s_L,L
122481,Kenyon_Cell,KCg-m,KCg-m_L,L
122573,Kenyon_Cell,KCab-c,KCab-c_R,R
122595,Kenyon_Cell,KCg-m,KCg-m_L,L
122600,Kenyon_Cell,KCa'b'-ap2,KCa'b'-ap2_L,L
122631,Kenyon_Cell,KCab-s,KCab-s_R,R
122647,Kenyon_Cell,KCg-d,KCg-d_L,L
122691,Kenyon_Cell,KCa'b'-m,KCa'b'-m_L,L
122703,Kenyon_Cell,KCg-m,KCg-m_L,L
122865,Kenyon_Cell,KCa'b'-ap2,KCa'b'-ap2_L,L
122874,Kenyon_Cell,KCa'b'-ap2,KCa'b'-ap2_L,L
122892,Kenyon_Cell,KCg-m,KCg-m_R,R
122979,Kenyon_Cell,KCg-m,KCg-m_L,L
123035,Kenyon_Cell,KCab-m,KCab-m_R,R
123071,Kenyon_Cell,KCab-m,KCab-m_L,L
123107,Kenyon_Cell,KCab-m,KCab-m_L,L
123140,Kenyon_Cell,KCab-m,KCab-m_L,L
123169,Kenyon_Cell,KCab-c,KCab-c_R,R
123241,Kenyon_Cell,KCab-m,KCab-m_L,L
123263,Kenyon_Cell,KCg-m,KCg-m_L,L
123274,Kenyon_Cell,KCab-m,KCab-m_L,L
123280,Kenyon_Cell,KCg-m,KCg-m_R,R
123380,Kenyon_Cell,KCab-c,KCab-c_L,L
123401,Kenyon_Cell,KCab-m,KCab-m_R,R
123404,Kenyon_Cell,KCg-m,KCg-m_L,L
123421,Kenyon_Cell,KCg-m,KCg-m_R,R
123472,Kenyon_Cell,KCab-m,KCab-m_L,L
123477,Kenyon_Cell,KCg-m,KCg-m_L,L
123494,Kenyon_Cell,KCg-m,KCg-m_L,L
123523,Kenyon_Cell,KCa'b'-m,KCa'b'-m_L,L
123544,Kenyon_Cell,KCab-s,KCab-s_R,R
123585,Kenyon_Cell,KCg-m,KCg-m_R,R
123605,Kenyon_Cell,KCa'b'-ap1,KCa'b'-ap1_R,R
123648,Kenyon_Cell,KCab-m,KCab-m_R,R
123653,Kenyon_Cell,KCab-c,KCab-c_L,L
123684,Kenyon_Cell,KCg-m,KCg-m_L,L
123749,Kenyon_Cell,KCab-c,KCab-c_R,R
123775,Kenyon_Cell,KCab-m,KCab-m_L,L
123841,Kenyon_Cell,KCg-m,KCg-m_L,L
123894,Kenyon_Cell,KCg-m,KCg-m_R,R
123939,Kenyon_Cell,KCab-m,KCab-m_L,L
123978,Kenyon_Cell,KCab-c,KCab-c_L,L
123997,Kenyon_Cell,KCab-c,KCab-c_L,L
124021,Kenyon_Cell,KCg-m,KCg-m_L,L
124046,Kenyon_Cell,KCg-m,KCg-m_L,L
124055,Kenyon_Cell,KCg-m,KCg-m_R,R
124097,Kenyon_Cell,KCg-d,KCg-d_L,L
124128,Kenyon_Cell,KCab-m,KCab-m_L,L
124211,Kenyon_Cell,KCab-m,KCab-m_R,R
124242,Kenyon_Cell,KCg-m,KCg-m_R,R
124370,Kenyon_Cell,KCg-m,KCg-m_L,L
124376,Kenyon_Cell,KCab-p,KCab-p_R,R
124435,Kenyon_Cell,KCab-c,KCab-c_L,L
124454,Kenyon_Cell,KCab-c,KCab-c_L,L
124605,Kenyon_Cell,KCab-m,KCab-m_R,R
124624,Kenyon_Cell,KCab-m,KCab-m_L,L
124632,Kenyon_Cell,KCg-m,KCg-m_R,R
124685,Kenyon_Cell,KCab-m,KCab-m_R,R
124690,Kenyon_Cell,KCg-m,KCg-m_L,L
124807,Kenyon_Cell,KCab-m,KCab-m_L,L
124918,DAN,PAM04,PAM04(B2)_L,L
124937,Kenyon_Cell,KCa'b'-ap1,KCa'b'-ap1_R,R
125002,Kenyon_Cell,KCab-m,KCab-m_L,L
125080,DAN,PAM04,PAM04(B2)_L,L
125081,Kenyon_Cell,KCab-m,KCab-m_R,R
125185,Kenyon_Cell,KCab-s,KCab-s_L,L
125552,Kenyon_Cell,KCg-m,KCg-m_L,L
125574,Kenyon_Cell,KCab-m,KCab-m_L,L
125644,Kenyon_Cell,KCg-d,KCg-d_L,L
125813,Kenyon_Cell,KCg-d,KCg-d_L,L
125860,Kenyon_Cell,KCg-m,KCg-m_R,R
125908,Kenyon_Cell,KCa'b'-ap1,KCa'b'-ap1_R,R
126002,Kenyon_Cell,KCg-m,KCg-m_R,R
126057,Kenyon_Cell,KCab-m,KCab-m_L,L
126084,Kenyon_Cell,KCab-m,KCab-m_R,R
126174,Kenyon_Cell,KCab-m,KCab-m_L,L
126319,Kenyon_Cell,KCab-s,KCab-s_L,L
126390,Kenyon_Cell,KCab-c,KCab-c_L,L
126446,Kenyon_Cell,KCab-m,KCab-m_R,R
126501,DAN,PAM06,PAM06(B'2m)_L,L
126602,Kenyon_Cell,KCg-m,KCg-m_R,R
126673,Kenyon_Cell,KCa'b'-ap2,KCa'b'-ap2_R,R
126683,Kenyon_Cell,KCab-m,KCab-m_L,L
126766,Kenyon_Cell,KCg-m,KCg-m_L,L
126779,Kenyon_Cell,KCg-m,KCg-m_L,L
126787,Kenyon_Cell,KCab-m,KCab-m_L,L
126815,Kenyon_Cell,KCg-m,KCg-m_L,L
126900,DAN,PAM12,PAM12(y3)_L,L
126945,Kenyon_Cell,KCab-c,KCab-c_R,R
126973,Kenyon_Cell,KCg-m,KCg-m_L,L
127046,Kenyon_Cell,KCg-d,KCg-d_R,R
127047,Kenyon_Cell,KCab-m,KCab-m_L,L
127130,Kenyon_Cell,KCg-m,KCg-m_L,L
127203,Kenyon_Cell,KCg-m,KCg-m_L,L
127225,Kenyon_Cell,KCg-m,KCg-m_L,L
127326,Kenyon_Cell,KCab-m,KCab-m_L,L
127366,Kenyon_Cell,KCa'b'-ap2,KCa'b'-ap2_R,R
127372,Kenyon_Cell,KCg-m,KCg-m_L,L
127397,Kenyon_Cell,KCg-m,KCg-m_R,R
127463,Kenyon_Cell,KCab-c,KCab-c_L,L
127471,Kenyon_Cell,KCa'b'-m,KCa'b'-m_L,L
127577,Kenyon_Cell,KCg-d,KCg-d_L,L
127593,Kenyon_Cell,KCg-m,KCg-m_L,L
127659,DAN,PAM02,PAM02(B'2a)_L,L
127739,Kenyon_Cell,KCa'b'-m,KCa'b'-m_R,R
127944,Kenyon_Cell,KCg-m,KCg-m_L,L
127980,Kenyon_Cell,KCg-m,KCg-m_L,L
128075,Kenyon_Cell,KCab-s,KCab-s_L,L
128076,DAN,PAM04,PAM04(B2)_R,R
128085,Kenyon_Cell,KCa'b'-ap1,KCa'b'-ap1_R,R
128097,Kenyon_Cell,KCg-m,KCg-m_L,L
128212,Kenyon_Cell,KCab-m,KCab-m_L,L
128352,Kenyon_Cell,KCg-m,KCg-m_L,L
128366,Kenyon_Cell,KCab-m,KCab-m_L,L
128467,Kenyon_Cell,KCab-c,KCab-c_L,L
128471,Kenyon_Cell,KCg-m,KCg-m_L,L
128565,Kenyon_Cell,KCab-s,KCab-s_L,L
128591,Kenyon_Cell,KCa'b'-ap2,KCa'b'-ap2_L,L
128604,Kenyon_Cell,KCa'b'-ap2,KCa'b'-ap2_L,L
128731,Kenyon_Cell,KCab-c,KCab-c_L,L
128743,Kenyon_Cell,KCab-s,KCab-s_L,L
128794,Kenyon_Cell,KCa'b'-ap2,KCa'b'-ap2_L,L
128858,Kenyon_Cell,KCa'b'-ap2,KCa'b'-ap2_R,R
128866,Kenyon_Cell,KCab-c,KCab-c_L,L
128873,Kenyon_Cell,KCab-m,KCab-m_L,L
128901,Kenyon_Cell,KCg-m,KCg-m_L,L
128925,Kenyon_Cell,KCg-d,KCg-d_R,R
128929,Kenyon_Cell,KCg-m,KCg-m_L,L
128942,Kenyon_Cell,KCab-c,KCab-c_L,L
129022,Kenyon_Cell,KCab-p,KCab-p_L,L
129027,Kenyon_Cell,KCab-s,KCab-s_R,R
129122,Kenyon_Cell,KCab-s,KCab-s_L,L
129189,Kenyon_Cell,KCg-m,KCg-m_R,R
129287,Kenyon_Cell,KCg-m,KCg-m_R,R
129292,Kenyon_Cell,KCab-c,KCab-c_R,R
129301,Kenyon_Cell,KCa'b'-ap2,KCa'b'-ap2_L,L
129321,Kenyon_Cell,KCg-m,KCg-m_R,R
129330,Kenyon_Cell,KCab-s,KCab-s_R,R
129430,DAN,PAM08,PAM08(y4)_L,L
129563,DAN,PAM01,PAM01(y5)_R,R
129608,Kenyon_Cell,KCab-c,KCab-c_L,L
129627,Kenyon_Cell,KCg-m,KCg-m_L,L
129659,Kenyon_Cell,KCab-p,KCab-p_L,L
129798,Kenyon_Cell,KCab-s,KCab-s_L,L
129866,Kenyon_Cell,KCg-m,KCg-m_L,L
129892,Kenyon_Cell,KCab-m,KCab-m_R,R
129897,Kenyon_Cell,KCab-c,KCab-c_L,L
129903,Kenyon_Cell,KCg-m,KCg-m_R,R
129965,Kenyon_Cell,KCg-m,KCg-m_R,R
130231,Kenyon_Cell,KCg-d,KCg-d_L,L
130317,Kenyon_Cell,KCg-m,KCg-m_R,R
130324,Kenyon_Cell,KCg-m,KCg-m_L,L
130392,Kenyon_Cell,KCab-s,KCab-s_R,R
130403,Kenyon_Cell,KCg-m,KCg-m_R,R
130429,Kenyon_Cell,KCab-c,KCab-c_L,L
130439,Kenyon_Cell,KCg-m,KCg-m_L,L
130521,Kenyon_Cell,KCab-c,KCab-c_L,L
130531,Kenyon_Cell,KCab-m,KCab-m_L,L
130556,Kenyon_Cell,KCg-m,KCg-m_L,L
130580,Kenyon_Cell,KCg-m,KCg-m_L,L
130603,Kenyon_Cell,KCg-m,KCg-m_R,R
130796,Kenyon_Cell,KCab-m,KCab-m_R,R
130806,Kenyon_Cell,KCg-m,KCg-m_R,R
130825,Kenyon_Cell,KCab-c,KCab-c_L,L
130875,Kenyon_Cell,KCa'b'-ap2,KCa'b'-ap2_R,R
130907,Kenyon_Cell,KCg-m,KCg-m_R,R
130920,Kenyon_Cell,KCg-m,KCg-m_L,L
130950,Kenyon_Cell,KCa'b'-m,KCa'b'-m_L,L
130972,Kenyon_Cell,KCg-m,KCg-m_L,L
131008,Kenyon_Cell,KCab-m,KCab-m_R,R
131100,Kenyon_Cell,KCg-m,KCg-m_R,R
131101,Kenyon_Cell,KCab-c,KCab-c_R,R
131198,Kenyon_Cell,KCg-m,KCg-m_L,L
131212,Kenyon_Cell,KCab-m,KCab-m_L,L
131268,Kenyon_Cell,KCg-m,KCg-m_L,L
131293,Kenyon_Cell,KCg-m,KCg-m_R,R
131332,Kenyon_Cell,KCg-m,KCg-m_L,L
131358,Kenyon_Cell,KCab-c,KCab-c_L,L
131359,Kenyon_Cell,KCab-c,KCab-c_L,L
131373,Kenyon_Cell,KCg-m,KCg-m_L,L
131419,DAN,PAM06,PAM06(B'2m)_R,R
131423,Kenyon_Cell,KCg-m,KCg-m_L,L
131461,Kenyon_Cell,KCab-m,KCab-m_R,R
131495,Kenyon_Cell,KCab-m,KCab-m_L,L
131539,Kenyon_Cell,KCab-m,KCab-m_L,L
131597,Kenyon_Cell,KCg-m,KCg-m_L,L
131607,DAN,PAM07,PAM07(y4<y1y2)_L,L
131620,Kenyon_Cell,KCg-m,KCg-m_L,L
131662,Kenyon_Cell,KCa'b'-ap2,KCa'b'-ap2_R,R
131765,Kenyon_Cell,KCab-c,KCab-c_L,L
131797,Kenyon_Cell,KCab-s,KCab-s_L,L
131936,Kenyon_Cell,KCab-m,KCab-m_L,L
131946,Kenyon_Cell,KCg-m,KCg-m_R,R
131954,Kenyon_Cell,KCg-m,KCg-m_L,L
131964,Kenyon_Cell,KCab-s,KCab-s_R,R
132006,Kenyon_Cell,KCa'b'-ap2,KCa'b'-ap2_L,L
132048,Kenyon_Cell,KCab-c,KCab-c_R,R
132051,Kenyon_Cell,KCg-m,KCg-m_L,L
132066,Kenyon_Cell,KCab-c,KCab-c_L,L
132117,Kenyon_Cell,KCa'b'-m,KCa'b'-m_L,L
132230,Kenyon_Cell,KCg-m,KCg-m_R,R
132312,Kenyon_Cell,KCg-m,KCg-m_R,R
132410,Kenyon_Cell,KCab-m,KCab-m_L,L
132467,Kenyon_Cell,KCg-m,KCg-m_L,L
132513,DAN,PAM06,PAM06(B'2m)_R,R
132539,Kenyon_Cell,KCab-s,KCab-s_L,L
132598,Kenyon_Cell,KCg-m,KCg-m_L,L
132622,Kenyon_Cell,KCab-p,KCab-p_L,L
132649,Kenyon_Cell,KCab-p,KCab-p_R,R
132661,Kenyon_Cell,KCa'b'-ap2,KCa'b'-ap2_L,L
132747,Kenyon_Cell,KCg-m,KCg-m_L,L
132791,Kenyon_Cell,KCab-s,KCab-s_R,R
132800,Kenyon_Cell,KCab-m,KCab-m_L,L
132804,Kenyon_Cell,KCa'b'-ap1,KCa'b'-ap1_R,R
132857,Kenyon_Cell,KCa'b'-ap1,KCa'b'-ap1_L,L
132887,Kenyon_Cell,KCab-s,KCab-s_R,R
132896,Kenyon_Cell,KCab-s,KCab-s_L,L
132912,Kenyon_Cell,KCab-m,KCab-m_L,L
132978,Kenyon_Cell,KCg-m,KCg-m_L,L
133019,DAN,PAM08,PAM08(y4)_R,R
133053,Kenyon_Cell,KCg-m,KCg-m_R,R
133066,Kenyon_Cell,KCg-m,KCg-m_L,L
133083,Kenyon_Cell,KCa'b'-ap2,KCa'b'-ap2_L,L
133100,Kenyon_Cell,KCab-c,KCab-c_R,R
133102,Kenyon_Cell,KCab-p,KCab-p_L,L
133165,Kenyon_Cell,KCab-c,KCab-c_L,L
133214,Kenyon_Cell,KCg-m,KCg-m_R,R
133249,Kenyon_Cell,KCg-m,KCg-m_L,L
133250,Kenyon_Cell,KCab-s,KCab-s_R,R
133256,Kenyon_Cell,KCab-s,KCab-s_L,L
133281,Kenyon_Cell,KCab-m,KCab-m_L,L
133308,Kenyon_Cell,KCab-m,KCab-m_L,L
133316,Kenyon_Cell,KCg-m,KCg-m_L,L
133334,Kenyon_Cell,KCa'b'-ap2,KCa'b'-ap2_R,R
133363,Kenyon_Cell,KCab-s,KCab-s_L,L
133427,MBON,MBON10,MBON10(B'1)_R,R
133435,Kenyon_Cell,KCg-m,KCg-m_L,L
133479,Kenyon_Cell,KCg-m,KCg-m_L,L
133500,Kenyon_Cell,KCg-m,KCg-m_L,L
133549,Kenyon_Cell,KCa'b'-m,KCa'b'-m_L,L
133550,Kenyon_Cell,KCg-m,KCg-m_L,L
133564,Kenyon_Cell,KCg-m,KCg-m_L,L
133570,Kenyon_Cell,KCab-c,KCab-c_L,L
133583,Kenyon_Cell,KCab-m,KCab-m_L,L
133607,Kenyon_Cell,KCg-m,KCg-m_L,L
133630,Kenyon_Cell,KCg-m,KCg-m_L,L
133642,Kenyon_Cell,KCg-m,KCg-m_R,R
133671,Kenyon_Cell,KCg-m,KCg-m_R,R
133709,Kenyon_Cell,KCab-c,KCab-c_L,L
133727,Kenyon_Cell,KCab-c,KCab-c_R,R
133806,Kenyon_Cell,KCg-m,KCg-m_R,R
133864,Kenyon_Cell,KCab-s,KCab-s_L,L
133873,Kenyon_Cell,KCab-m,KCab-m_L,L
134059,Kenyon_Cell,KCg-m,KCg-m_L,L
134161,Kenyon_Cell,KCg-m,KCg-m_L,L
134216,Kenyon_Cell,KCg-m,KCg-m_R,R
134256,Kenyon_Cell,KCg-m,KCg-m_L,L
134265,DAN,PAM06,PAM06(B'2m)_R,R
134271,Kenyon_Cell,KCab-c,KCab-c_L,L
134357,Kenyon_Cell,KCab-c,KCab-c_R,R
134359,Kenyon_Cell,KCg-m,KCg-m_R,R
134430,Kenyon_Cell,KCg-m,KCg-m_L,L
134438,Kenyon_Cell,KCab-c,KCab-c_L,L
134523,Kenyon_Cell,KCab-c,KCab-c_L,L
134660,Kenyon_Cell,KCg-m,KCg-m_R,R
134731,Kenyon_Cell,KCa'b'-m,KCa'b'-m_L,L
134742,Kenyon_Cell,KCg-m,KCg-m_L,L
134769,DAN,PAM06,PAM06(B'2m)_R,R
134789,Kenyon_Cell,KCab-m,KCab-m_L,L
134859,Kenyon_Cell,KCa'b'-m,KCa'b'-m_L,L
134865,Kenyon_Cell,KCg-m,KCg-m_L,L
134869,DAN,PAM06,PAM06(B'2m)_L,L
134883,Kenyon_Cell,KCg-m,KCg-m_R,R
134891,Kenyon_Cell,KCab-c,KCab-c_R,R
134965,Kenyon_Cell,KCg-m,KCg-m_L,L
135013,Kenyon_Cell,KCab-m,KCab-m_L,L
135046,DAN,PAM02,PAM02(B'2a)_L,L
135092,Kenyon_Cell,KCa'b'-m,KCa'b'-m_R,R
135158,Kenyon_Cell,KCg-m,KCg-m_L,L
135171,DAN,PAM12,PAM12(y3)_R,R
135219,Kenyon_Cell,KCg-d,KCg-d_L,L
135238,Kenyon_Cell,KCg-m,KCg-m_R,R
135241,Kenyon_Cell,KCg-d,KCg-d_L,L
135247,Kenyon_Cell,KCab-s,KCab-s_R,R
135265,Kenyon_Cell,KCab-m,KCab-m_R,R
135287,DAN,PAM05,PAM05(B'2p)_L,L
135290,DAN,PAM15,PAM15(y5B'2a)_R,R
135354,Kenyon_Cell,KCab-p,KCab-p_L,L
135362,Kenyon_Cell,KCg-m,KCg-m_R,R
135363,Kenyon_Cell,KCg-m,KCg-m_L,L
135421,Kenyon_Cell,KCg-d,KCg-d_R,R
135480,Kenyon_Cell,KCg-m,KCg-m_L,L
135506,Kenyon_Cell,KCg-m,KCg-m_L,L
135567,Kenyon_Cell,KCab-m,KCab-m_L,L
135578,DAN,PAM08,PAM08(y4)_L,L
135614,Kenyon_Cell,KCab-s,KCab-s_R,R
135662,Kenyon_Cell,KCg-d,KCg-d_L,L
135739,Kenyon_Cell,KCg-m,KCg-m_R,R
135773,Kenyon_Cell,KCg-m,KCg-m_L,L
135783,Kenyon_Cell,KCg-m,KCg-m_L,L
135825,Kenyon_Cell,KCg-m,KCg-m_L,L
135847,Kenyon_Cell,KCg-m,KCg-m_L,L
135866,Kenyon_Cell,KCab-c,KCab-c_R,R
135883,Kenyon_Cell,KCg-m,KCg-m_L,L
135897,Kenyon_Cell,KCg-d,KCg-d_L,L
135993,Kenyon_Cell,KCab-m,KCab-m_R,R
136024,DAN,PAM06,PAM06(B'2m)_L,L
136044,Kenyon_Cell,KCab-m,KCab-m_R,R
136046,Kenyon_Cell,KCg-d,KCg-d_L,L
136048,Kenyon_Cell,KCab-p,KCab-p_L,L
136101,Kenyon_Cell,KCg-m,KCg-m_L,L
136127,Kenyon_Cell,KCg-m,KCg-m_L,L
136144,DAN,PAM08,PAM08(y4)_R,R
136153,Kenyon_Cell,KCab-m,KCab-m_L,L
136196,Kenyon_Cell,KCab-p,KCab-p_L,L
136208,Kenyon_Cell,KCg-m,KCg-m_R,R
136215,DAN,PAM06,PAM06(B'2m)_L,L
136233,Kenyon_Cell,KCab-s,KCab-s_L,L
136240,Kenyon_Cell,KCg-m,KCg-m_R,R
136258,Kenyon_Cell,KCab-c,KCab-c_L,L
136310,Kenyon_Cell,KCg-m,KCg-m_R,R
136327,Kenyon_Cell,KCab-m,KCab-m_L,L
136345,Kenyon_Cell,KCab-m,KCab-m_L,L
136428,Kenyon_Cell,KCab-c,KCab-c_L,L
136435,Kenyon_Cell,KCab-c,KCab-c_L,L
136459,Kenyon_Cell,KCg-m,KCg-m_R,R
136461,Kenyon_Cell,KCab-m,KCab-m_L,L
136525,Kenyon_Cell,KCg-m,KCg-m_L,L
136531,Kenyon_Cell,KCg-m,KCg-m_R,R
136570,Kenyon_Cell,KCg-m,KCg-m_R,R
136581,Kenyon_Cell,KCg-m,KCg-m_L,L
136705,Kenyon_Cell,KCg-m,KCg-m_L,L
136825,Kenyon_Cell,KCab-m,KCab-m_R,R
136873,Kenyon_Cell,KCab-c,KCab-c_R,R
136896,Kenyon_Cell,KCg-m,KCg-m_L,L
136912,Kenyon_Cell,KCg-d,KCg-d_L,L
136943,Kenyon_Cell,KCg-m,KCg-m_L,L
136988,Kenyon_Cell,KCg-m,KCg-m_L,L
137008,Kenyon_Cell,KCab-c,KCab-c_L,L
137021,Kenyon_Cell,KCa'b'-ap2,KCa'b'-ap2_L,L
137029,Kenyon_Cell,KCab-m,KCab-m_R,R
137044,Kenyon_Cell,KCab-s,KCab-s_L,L
137061,Kenyon_Cell,KCg-m,KCg-m_L,L
137072,Kenyon_Cell,KCg-m,KCg-m_L,L
137174,Kenyon_Cell,KCg-m,KCg-m_L,L
137233,Kenyon_Cell,KCab-c,KCab-c_L,L
137235,Kenyon_Cell,KCab-s,KCab-s_R,R
137257,Kenyon_Cell,KCab-p,KCab-p_L,L
137283,Kenyon_Cell,KCg-d,KCg-d_L,L
137302,Kenyon_Cell,KCg-d,KCg-d_L,L
137321,DAN,PAM04,PAM04(B2)_L,L
137373,DAN,PAM06,PAM06(B'2m)_L,L
137438,Kenyon_Cell,KCg-m,KCg-m_L,L
137484,Kenyon_Cell,KCg-m,KCg-m_L,L
137539,DAN,PAM11,PAM11(a1)_R,R
137541,Kenyon_Cell,KCa'b'-ap2,KCa'b'-ap2_R,R
137546,Kenyon_Cell,KCg-m,KCg-m_L,L
137595,DAN,PAM07,PAM07(y4<y1y2)_R,R
137734,Kenyon_Cell,KCab-c,KCab-c_L,L
137789,Kenyon_Cell,KCg-m,KCg-m_L,L
137837,Kenyon_Cell,KCab-p,KCab-p_L,L
137866,Kenyon_Cell,KCab-s,KCab-s_L,L
137890,Kenyon_Cell,KCg-m,KCg-m_L,L
137952,Kenyon_Cell,KCg-d,KCg-d_L,L
137977,Kenyon_Cell,KCab-p,KCab-p_L,L
137995,Kenyon_Cell,KCa'b'-m,KCa'b'-m_L,L
138053,Kenyon_Cell,KCg-m,KCg-m_L,L
138162,Kenyon_Cell,KCab-c,KCab-c_L,L
138186,Kenyon_Cell,KCg-d,KCg-d_L,L
138198,Kenyon_Cell,KCg-d,KCg-d_L,L
138210,Kenyon_Cell,KCa'b'-ap2,KCa'b'-ap2_L,L
138335,Kenyon_Cell,KCg-m,KCg-m_R,R
138352,Kenyon_Cell,KCg-m,KCg-m_R,R
138353,Kenyon_Cell,KCg-m,KCg-m_R,R
138378,Kenyon_Cell,KCg-m,KCg-m_L,L
138404,Kenyon_Cell,KCab-s,KCab-s_L,L
138408,Kenyon_Cell,KCg-m,KCg-m_R,R
138439,Kenyon_Cell,KCg-m,KCg-m_L,L
138447,Kenyon_Cell,KCg-m,KCg-m_L,L
138451,Kenyon_Cell,KCg-m,KCg-m_L,L
138453,Kenyon_Cell,KCab-m,KCab-m_L,L
138480,Kenyon_Cell,KCab-c,KCab-c_L,L
138549,Kenyon_Cell,KCab-s,KCab-s_L,L
138563,Kenyon_Cell,KCab-s,KCab-s_L,L
138564,Kenyon_Cell,KCg-m,KCg-m_L,L
138573,Kenyon_Cell,KCg-m,KCg-m_R,R
138585,DAN,PAM12,PAM12(y3)_L,L
138629,DAN,PAM01,PAM01(y5)_L,L
138634,Kenyon_Cell,KCg-m,KCg-m_L,L
138810,Kenyon_Cell,KCg-m,KCg-m_L,L
138822,DAN,PAM11,PAM11(a1)_L,L
138826,Kenyon_Cell,KCab-s,KCab-s_R,R
138875,Kenyon_Cell,KCab-m,KCab-m_L,L
138912,Kenyon_Cell,KCab-s,KCab-s_L,L
138929,Kenyon_Cell,KCab-c,KCab-c_R,R
138935,Kenyon_Cell,KCg-m,KCg-m_L,L
138968,Kenyon_Cell,KCg-m,KCg-m_L,L
139008,Kenyon_Cell,KCg-m,KCg-m_R,R
139032,Kenyon_Cell,KCab-p,KCab-p_L,L
139039,Kenyon_Cell,KCg-m,KCg-m_L,L
139053,Kenyon_Cell,KCg-m,KCg-m_R,R
139093,Kenyon_Cell,KCg-m,KCg-m_L,L
139182,Kenyon_Cell,KCg-m,KCg-m_R,R
139199,Kenyon_Cell,KCab-c,KCab-c_L,L
139212,Kenyon_Cell,KCab-c,KCab-c_L,L
139252,Kenyon_Cell,KCab-s,KCab-s_R,R
139280,DAN,PAM12,PAM12(y3)_R,R
139378,DAN,PAM12,PAM12(y3)_R,R
139389,Kenyon_Cell,KCa'b'-m,KCa'b'-m_R,R
139498,Kenyon_Cell,KCa'b'-m,KCa'b'-m_L,L
139508,Kenyon_Cell,KCg-m,KCg-m_L,L
139510,Kenyon_Cell,KCg-m,KCg-m_R,R
139584,Kenyon_Cell,KCa'b'-m,KCa'b'-m_L,L
139589,Kenyon_Cell,KCg-m,KCg-m_L,L
139591,Kenyon_Cell,KCg-d,KCg-d_L,L
139636,Kenyon_Cell,KCab-c,KCab-c_L,L
139642,Kenyon_Cell,KCg-m,KCg-m_R,R
139662,Kenyon_Cell,KCab-m,KCab-m_L,L
139663,Kenyon_Cell,KCa'b'-ap2,KCa'b'-ap2_L,L
139685,Kenyon_Cell,KCg-m,KCg-m_L,L
139706,DAN,PAM11,PAM11(a1)_R,R
139742,Kenyon_Cell,KCg-m,KCg-m_R,R
139887,Kenyon_Cell,KCab-m,KCab-m_L,L
139894,Kenyon_Cell,KCab-m,KCab-m_L,L
139919,Kenyon_Cell,KCab-m,KCab-m_L,L
139943,Kenyon_Cell,KCg-m,KCg-m_L,L
139952,Kenyon_Cell,KCg-m,KCg-m_R,R
139970,Kenyon_Cell,KCg-m,KCg-m_L,L
139976,Kenyon_Cell,KCab-p,KCab-p_L,L
139988,Kenyon_Cell,KCg-m,KCg-m_L,L
140052,Kenyon_Cell,KCa'b'-ap1,KCa'b'-ap1_L,L
140175,Kenyon_Cell,KCg-d,KCg-d_L,L
140180,Kenyon_Cell,KCg-m,KCg-m_L,L
140182,Kenyon_Cell,KCg-m,KCg-m_R,R
140271,DAN,PAM06,PAM06(B'2m)_R,R
140365,Kenyon_Cell,KCg-m,KCg-m_L,L
140368,Kenyon_Cell,KCab-m,KCab-m_L,L
140457,Kenyon_Cell,KCab-s,KCab-s_L,L
140461,Kenyon_Cell,KCg-m,KCg-m_L,L
140582,Kenyon_Cell,KCa'b'-m,KCa'b'-m_L,L
140589,Kenyon_Cell,KCg-m,KCg-m_R,R
140636,Kenyon_Cell,KCg-m,KCg-m_R,R
140651,Kenyon_Cell,KCab-c,KCab-c_L,L
140661,Kenyon_Cell,KCg-m,KCg-m_L,L
140726,Kenyon_Cell,KCg-m,KCg-m_L,L
140730,Kenyon_Cell,KCab-s,KCab-s_L,L
140737,Kenyon_Cell,KCg-m,KCg-m_L,L
140795,Kenyon_Cell,KCg-m,KCg-m_L,L
140834,Kenyon_Cell,KCab-s,KCab-s_R,R
140867,Kenyon_Cell,KCg-m,KCg-m_L,L
140883,Kenyon_Cell,KCg-m,KCg-m_L,L
140943,Kenyon_Cell,KCg-m,KCg-m_L,L
140961,Kenyon_Cell,KCab-m,KCab-m_L,L
140995,Kenyon_Cell,KCg-m,KCg-m_L,L
141007,Kenyon_Cell,KCab-p,KCab-p_L,L
141046,Kenyon_Cell,KCg-m,KCg-m_L,L
141131,Kenyon_Cell,KCab-c,KCab-c_L,L
141163,Kenyon_Cell,KCab-p,KCab-p_L,L
141219,Kenyon_Cell,KCab-c,KCab-c_L,L
141246,DAN,PAM02,PAM02(B'2a)_L,L
141249,Kenyon_Cell,KCg-m,KCg-m_L,L
141274,Kenyon_Cell,KCab-s,KCab-s_L,L
141289,Kenyon_Cell,KCab-c,KCab-c_R,R
141299,Kenyon_Cell,KCg-m,KCg-m_L,L
141343,Kenyon_Cell,KCg-m,KCg-m_L,L
141510,DAN,PAM15,PAM15(y5B'2a)_R,R
141559,Kenyon_Cell,KCab-p,KCab-p_L,L
141602,Kenyon_Cell,KCg-m,KCg-m_L,L
141615,DAN,PAM01,PAM01(y5)_R,R
141659,Kenyon_Cell,KCg-m,KCg-m_L,L
141662,Kenyon_Cell,KCab-c,KCab-c_L,L
141709,Kenyon_Cell,KCg-m,KCg-m_L,L
141772,Kenyon_Cell,KCg-m,KCg-m_L,L
141809,Kenyon_Cell,KCab-m,KCab-m_L,L
141840,Kenyon_Cell,KCg-m,KCg-m_L,L
141914,Kenyon_Cell,KCab-m,KCab-m_L,L
141950,Kenyon_Cell,KCab-c,KCab-c_R,R
142029,Kenyon_Cell,KCab-c,KCab-c_L,L
142069,Kenyon_Cell,KCg-d,KCg-d_L,L
142083,Kenyon_Cell,KCg-m,KCg-m_L,L
142189,Kenyon_Cell,KCg-m,KCg-m_R,R
142203,Kenyon_Cell,KCg-d,KCg-d_L,L
142209,Kenyon_Cell,KCg-m,KCg-m_L,L
142238,DAN,PAM02,PAM02(B'2a)_R,R
142270,Kenyon_Cell,KCab-m,KCab-m_L,L
142299,Kenyon_Cell,KCg-m,KCg-m_L,L
142329,Kenyon_Cell,KCa'b'-m,KCa'b'-m_L,L
142332,Kenyon_Cell,KCab-c,KCab-c_L,L
142361,Kenyon_Cell,KCab-s,KCab-s_L,L
142470,Kenyon_Cell,KCg-m,KCg-m_L,L
142528,DAN,PAM09,PAM09(B1ped)_R,R
142531,Kenyon_Cell,KCab-s,KCab-s_L,L
142538,DAN,PAM08,PAM08(y4)_R,R
142608,Kenyon_Cell,KCa'b'-m,KCa'b'-m_R,R
142660,DAN,PAM13,PAM13(B'1ap)_R,R
142732,Kenyon_Cell,KCg-m,KCg-m_L,L
142733,Kenyon_Cell,KCg-d,KCg-d_L,L
142769,Kenyon_Cell,KCg-m,KCg-m_R,R
142795,Kenyon_Cell,KCab-m,KCab-m_R,R
142848,Kenyon_Cell,KCa'b'-m,KCa'b'-m_L,L
142898,DAN,PAM06,PAM06(B'2m)_R,R
142975,Kenyon_Cell,KCab-c,KCab-c_R,R
142994,Kenyon_Cell,KCg-m,KCg-m_L,L
143029,Kenyon_Cell,KCg-m,KCg-m_L,L
143033,Kenyon_Cell,KCab-s,KCab-s_L,L
143083,Kenyon_Cell,KCab-c,KCab-c_L,L
143120,DAN,PAM10,PAM10(B1)_L,L
143262,Kenyon_Cell,KCg-d,KCg-d_L,L
143275,Kenyon_Cell,KCab-c,KCab-c_L,L
143426,Kenyon_Cell,KCg-m,KCg-m_L,L
143487,Kenyon_Cell,KCg-m,KCg-m_L,L
143569,Kenyon_Cell,KCg-m,KCg-m_R,R
143645,Kenyon_Cell,KCab-m,KCab-m_L,L
143735,Kenyon_Cell,KCg-m,KCg-m_R,R
143757,Kenyon_Cell,KCg-m,KCg-m_L,L
143806,Kenyon_Cell,KCab-m,KCab-m_L,L
143875,Kenyon_Cell,KCg-m,KCg-m_R,R
143895,Kenyon_Cell,KCab-m,KCab-m_L,L
143947,Kenyon_Cell,KCg-m,KCg-m_L,L
143949,Kenyon_Cell,KCab-c,KCab-c_L,L
144012,Kenyon_Cell,KCg-m,KCg-m_R,R
144118,Kenyon_Cell,KCg-m,KCg-m_R,R
144122,Kenyon_Cell,KCg-m,KCg-m_L,L
144126,DAN,PAM02,PAM02(B'2a)_R,R
144134,Kenyon_Cell,KCab-p,KCab-p_L,L
144220,Kenyon_Cell,KCg-d,KCg-d_R,R
144230,Kenyon_Cell,KCg-m,KCg-m_L,L
144291,Kenyon_Cell,KCg-m,KCg-m_R,R
144308,Kenyon_Cell,KCab-s,KCab-s_R,R
144315,DAN,PAM01,PAM01(y5)_R,R
144317,Kenyon_Cell,KCg-m,KCg-m_L,L
144340,Kenyon_Cell,KCa'b'-m,KCa'b'-m_R,R
144464,Kenyon_Cell,KCg-m,KCg-m_R,R
144486,Kenyon_Cell,KCa'b'-m,KCa'b'-m_L,L
144512,Kenyon_Cell,KCg-m,KCg-m_L,L
144515,Kenyon_Cell,KCab-s,KCab-s_R,R
144523,Kenyon_Cell,KCa'b'-ap2,KCa'b'-ap2_R,R
144570,Kenyon_Cell,KCg-m,KCg-m_L,L
144578,Kenyon_Cell,KCg-d,KCg-d_L,L
144625,DAN,PAM12,PAM12(y3)_L,L
144678,DAN,PAM04,PAM04(B2)_R,R
144715,Kenyon_Cell,KCab-c,KCab-c_L,L
144725,Kenyon_Cell,KCab-c,KCab-c_L,L
144730,Kenyon_Cell,KCg-m,KCg-m_L,L
144746,Kenyon_Cell,KCab-c,KCab-c_L,L
144747,Kenyon_Cell,KCg-d,KCg-d_L,L
144813,Kenyon_Cell,KCab-c,KCab-c_L,L
144819,Kenyon_Cell,KCg-d,KCg-d_L,L
145022,DAN,PAM02,PAM02(B'2a)_L,L
145026,Kenyon_Cell,KCa'b'-ap2,KCa'b'-ap2_L,L
145085,Kenyon_Cell,KCg-d,KCg-d_L,L
145094,DAN,PAM01,PAM01(y5)_R,R
145143,Kenyon_Cell,KCg-m,KCg-m_L,L
145148,DAN,PAM01,PAM01(y5)_L,L
145157,Kenyon_Cell,KCg-m,KCg-m_R,R
145174,Kenyon_Cell,KCab-s,KCab-s_R,R
145193,Kenyon_Cell,KCab-c,KCab-c_L,L
145236,Kenyon_Cell,KCab-c,KCab-c_L,L
145268,Kenyon_Cell,KCg-m,KCg-m_L,L
145324,DAN,PAM02,PAM02(B'2a)_L,L
145352,Kenyon_Cell,KCg-m,KCg-m_R,R
145355,Kenyon_Cell,KCg-m,KCg-m_L,L
145371,DAN,PAM05,PAM05(B'2p)_L,L
145419,Kenyon_Cell,KCab-s,KCab-s_R,R
145425,Kenyon_Cell,KCab-c,KCab-c_L,L
145497,Kenyon_Cell,KCab-c,KCab-c_R,R
145513,Kenyon_Cell,KCab-s,KCab-s_L,L
145574,Kenyon_Cell,KCg-m,KCg-m_L,L
145610,Kenyon_Cell,KCg-m,KCg-m_L,L
145641,Kenyon_Cell,KCg-m,KCg-m_L,L
145642,Kenyon_Cell,KCab-c,KCab-c_L,L
145749,DAN,PAM11,PAM11(a1)_L,L
145764,Kenyon_Cell,KCab-s,KCab-s_L,L
145791,Kenyon_Cell,KCab-c,KCab-c_R,R
145792,Kenyon_Cell,KCg-m,KCg-m_L,L
145859,Kenyon_Cell,KCa'b'-ap2,KCa'b'-ap2_R,R
145869,Kenyon_Cell,KCg-m,KCg-m_L,L
145974,Kenyon_Cell,KCg-m,KCg-m_L,L
146058,DAN,PAM08,PAM08(y4)_R,R
146084,Kenyon_Cell,KCg-m,KCg-m_L,L
146099,Kenyon_Cell,KCa'b'-ap2,KCa'b'-ap2_R,R
146122,Kenyon_Cell,KCg-m,KCg-m_R,R
146128,Kenyon_Cell,KCg-m,KCg-m_L,L
146166,Kenyon_Cell,KCab-m,KCab-m_L,L
146275,Kenyon_Cell,KCab-c,KCab-c_R,R
146301,Kenyon_Cell,KCg-d,KCg-d_L,L
146350,Kenyon_Cell,KCab-s,KCab-s_L,L
146387,Kenyon_Cell,KCab-s,KCab-s_R,R
146418,DAN,PAM12,PAM12(y3)_R,R
146603,DAN,PAM01,PAM01(y5)_R,R
146609,Kenyon_Cell,KCab-s,KCab-s_L,L
146675,Kenyon_Cell,KCab-c,KCab-c_L,L
146773,DAN,PAM04,PAM04(B2)_R,R
146774,DAN,PAM14,PAM14(B'1m)_R,R
146801,Kenyon_Cell,KCab-m,KCab-m_L,L
146923,Kenyon_Cell,KCab-s,KCab-s_L,L
146925,Kenyon_Cell,KCg-m,KCg-m_L,L
146943,Kenyon_Cell,KCab-m,KCab-m_R,R
146958,Kenyon_Cell,KCab-s,KCab-s_L,L
147040,Kenyon_Cell,KCg-m,KCg-m_L,L
147068,Kenyon_Cell,KCg-m,KCg-m_L,L
147184,DAN,PAM08,PAM08(y4)_L,L
147185,Kenyon_Cell,KCg-m,KCg-m_L,L
147199,Kenyon_Cell,KCab-c,KCab-c_L,L
147217,Kenyon_Cell,KCab-c,KCab-c_L,L
147378,Kenyon_Cell,KCab-c,KCab-c_L,L
147444,Kenyon_Cell,KCab-p,KCab-p_L,L
147585,Kenyon_Cell,KCg-d,KCg-d_L,L
147589,Kenyon_Cell,KCg-m,KCg-m_L,L
147591,DAN,PAM06,PAM06(B'2m)_R,R
147646,Kenyon_Cell,KCg-m,KCg-m_L,L
147696,Kenyon_Cell,KCg-m,KCg-m_L,L
147700,Kenyon_Cell,KCg-m,KCg-m_L,L
147812,Kenyon_Cell,KCg-m,KCg-m_L,L
147857,DAN,PAM11,PAM11(a1)_L,L
147885,Kenyon_Cell,KCg-m,KCg-m_R,R
147953,Kenyon_Cell,KCg-m,KCg-m_L,L
148001,Kenyon_Cell,KCab-c,KCab-c_R,R
148093,Kenyon_Cell,KCab-c,KCab-c_L,L
148122,Kenyon_Cell,KCg-m,KCg-m_L,L
148137,Kenyon_Cell,KCg-d,KCg-d_L,L
148145,Kenyon_Cell,KCg-d,KCg-d_L,L
148150,Kenyon_Cell,KCg-d,KCg-d_L,L
148161,Kenyon_Cell,KCg-m,KCg-m_L,L
148198,Kenyon_Cell,KCg-m,KCg-m_L,L
148213,Kenyon_Cell,KCab-c,KCab-c_R,R
148328,DAN,PAM02,PAM02(B'2a)_L,L
148337,Kenyon_Cell,KCab-s,KCab-s_R,R
148344,Kenyon_Cell,KCg-m,KCg-m_L,L
148419,Kenyon_Cell,KCg-m,KCg-m_R,R
148464,Kenyon_Cell,KCg-m,KCg-m_L,L
148469,DAN,PAM02,PAM02(B'2a)_L,L
148486,Kenyon_Cell,KCg-m,KCg-m_L,L
148493,Kenyon_Cell,KCg-m,KCg-m_R,R
148498,Kenyon_Cell,KCg-m,KCg-m_L,L
148529,Kenyon_Cell,KCg-m,KCg-m_L,L
148548,Kenyon_Cell,KCg-m,KCg-m_R,R
148588,Kenyon_Cell,KCg-m,KCg-m_L,L
148680,Kenyon_Cell,KCg-m,KCg-m_R,R
148844,Kenyon_Cell,KCg-m,KCg-m_L,L
148860,Kenyon_Cell,KCg-m,KCg-m_R,R
148930,Kenyon_Cell,KCg-m,KCg-m_L,L
148989,Kenyon_Cell,KCg-m,KCg-m_L,L
149132,Kenyon_Cell,KCa'b'-m,KCa'b'-m_L,L
149136,Kenyon_Cell,KCab-p,KCab-p_L,L
149180,Kenyon_Cell,KCab-c,KCab-c_L,L
149199,Kenyon_Cell,KCg-m,KCg-m_L,L
149279,Kenyon_Cell,KCa'b'-ap2,KCa'b'-ap2_R,R
149297,Kenyon_Cell,KCg-m,KCg-m_L,L
149401,Kenyon_Cell,KCab-p,KCab-p_L,L
149636,Kenyon_Cell,KCab-s,KCab-s_R,R
149720,Kenyon_Cell,KCg-m,KCg-m_L,L
149737,Kenyon_Cell,KCab-s,KCab-s_L,L
149792,Kenyon_Cell,KCg-m,KCg-m_R,R
149820,Kenyon_Cell,KCg-m,KCg-m_L,L
149841,Kenyon_Cell,KCab-s,KCab-s_L,L
149869,DAN,PAM09,PAM09(B1ped)_L,L
149878,Kenyon_Cell,KCg-m,KCg-m_L,L
150014,Kenyon_Cell,KCg-d,KCg-d_R,R
150034,DAN,PAM09,PAM09(B1ped)_R,R
150109,Kenyon_Cell,KCab-m,KCab-m_R,R
150177,DAN,PAM01,PAM01(y5)_L,L
150259,Kenyon_Cell,KCg-d,KCg-d_L,L
150451,Kenyon_Cell,KCa'b'-ap2,KCa'b'-ap2_L,L
150633,Kenyon_Cell,KCg-m,KCg-m_L,L
150709,Kenyon_Cell,KCab-m,KCab-m_L,L
150732,Kenyon_Cell,KCg-m,KCg-m_L,L
150738,Kenyon_Cell,KCa'b'-m,KCa'b'-m_R,R
150761,Kenyon_Cell,KCab-p,KCab-p_L,L
150781,Kenyon_Cell,KCg-m,KCg-m_L,L
150823,Kenyon_Cell,KCa'b'-ap1,KCa'b'-ap1_R,R
150828,DAN,PAM02,PAM02(B'2a)_L,L
150913,Kenyon_Cell,KCg-m,KCg-m_R,R
150920,Kenyon_Cell,KCab-s,KCab-s_L,L
150926,Kenyon_Cell,KCa'b'-m,KCa'b'-m_L,L
150974,Kenyon_Cell,KCab-s,KCab-s_L,L
150983,DAN,PAM14,PAM14(B'1m)_L,L
151013,DAN,PAM03,PAM03(B2B'2a)_L,L
151133,DAN,PAM06,PAM06(B'2m)_L,L
151134,Kenyon_Cell,KCg-m,KCg-m_R,R
151187,Kenyon_Cell,KCg-m,KCg-m_L,L
151224,Kenyon_Cell,KCab-c,KCab-c_R,R
151277,Kenyon_Cell,KCg-m,KCg-m_L,L
151346,Kenyon_Cell,KCab-m,KCab-m_L,L
151395,Kenyon_Cell,KCab-c,KCab-c_L,L
151584,Kenyon_Cell,KCa'b'-ap2,KCa'b'-ap2_R,R
151710,Kenyon_Cell,KCab-c,KCab-c_L,L
151833,Kenyon_Cell,KCab-m,KCab-m_L,L
151908,Kenyon_Cell,KCab-m,KCab-m_L,L
151944,Kenyon_Cell,KCg-d,KCg-d_L,L
151958,Kenyon_Cell,KCab-s,KCab-s_R,R
151993,DAN,PAM05,PAM05(B'2p)_R,R
152019,DAN,PAM08,PAM08(y4)_R,R
152025,Kenyon_Cell,KCg-m,KCg-m_L,L
152031,Kenyon_Cell,KCa'b'-ap2,KCa'b'-ap2_R,R
152044,DAN,PAM08,PAM08(y4)_R,R
152056,DAN,PAM06,PAM06(B'2m)_L,L
152066,Kenyon_Cell,KCab-s,KCab-s_L,L
152118,Kenyon_Cell,KCg-m,KCg-m_L,L
152291,DAN,PAM14,PAM14(B'1m)_L,L
152326,DAN,PAM13,PAM13(B'1ap)_L,L
152385,DAN,PAM08,PAM08(y4)_R,R
152391,Kenyon_Cell,KCg-m,KCg-m_R,R
152428,DAN,PAM12,PAM12(y3)_L,L
152470,Kenyon_Cell,KCg-d,KCg-d_L,L
152548,Kenyon_Cell,KCg-m,KCg-m_L,L
152553,Kenyon_Cell,KCab-s,KCab-s_L,L
152559,Kenyon_Cell,KCab-c,KCab-c_L,L
152601,Kenyon_Cell,KCab-m,KCab-m_R,R
152688,Kenyon_Cell,KCg-d,KCg-d_L,L
152706,Kenyon_Cell,KCa'b'-m,KCa'b'-m_L,L
152784,Kenyon_Cell,KCab-p,KCab-p_L,L
152839,Kenyon_Cell,KCab-s,KCab-s_L,L
152860,Kenyon_Cell,KCa'b'-ap1,KCa'b'-ap1_R,R
152889,Kenyon_Cell,KCab-s,KCab-s_R,R
152943,Kenyon_Cell,KCg-m,KCg-m_L,L
152964,Kenyon_Cell,KCg-m,KCg-m_L,L
152997,DAN,PAM05,PAM05(B'2p)_L,L
153035,DAN,PAM04,PAM04(B2)_L,L
153080,Kenyon_Cell,KCab-p,KCab-p_R,R
153083,Kenyon_Cell,KCab-s,KCab-s_L,L
153165,Kenyon_Cell,KCa'b'-m,KCa'b'-m_R,R
153391,Kenyon_Cell,KCg-m,KCg-m_R,R
153460,Kenyon_Cell,KCab-m,KCab-m_L,L
153492,Kenyon_Cell,KCab-s,KCab-s_L,L
153545,Kenyon_Cell,KCg-d,KCg-d_R,R
153573,Kenyon_Cell,KCab-m,KCab-m_R,R
153584,Kenyon_Cell,KCab-p,KCab-p_L,L
153593,Kenyon_Cell,KCab-c,KCab-c_R,R
153635,Kenyon_Cell,KCg-m,KCg-m_L,L
153672,Kenyon_Cell,KCa'b'-ap2,KCa'b'-ap2_R,R
153695,Kenyon_Cell,KCab-c,KCab-c_R,R
153703,Kenyon_Cell,KCab-c,KCab-c_L,L
153771,DAN,PAM07,PAM07(y4<y1y2)_L,L
153774,Kenyon_Cell,KCa'b'-m,KCa'b'-m_L,L
153817,Kenyon_Cell,KCg-m,KCg-m_L,L
153931,DAN,PAM01,PAM01(y5)_L,L
154046,Kenyon_Cell,KCg-m,KCg-m_L,L
154230,DAN,PAM05,PAM05(B'2p)_R,R
154387,DAN,PAM14,PAM14(B'1m)_L,L
154400,Kenyon_Cell,KCa'b'-m,KCa'b'-m_L,L
154433,Kenyon_Cell,KCg-m,KCg-m_R,R
154465,Kenyon_Cell,KCg-m,KCg-m_L,L
154495,Kenyon_Cell,KCab-m,KCab-m_L,L
154509,Kenyon_Cell,KCab-c,KCab-c_L,L
154716,Kenyon_Cell,KCab-c,KCab-c_L,L
154739,Kenyon_Cell,KCg-m,KCg-m_L,L
154837,Kenyon_Cell,KCab-c,KCab-c_R,R
154959,Kenyon_Cell,KCab-c,KCab-c_L,L
155022,Kenyon_Cell,KCab-s,KCab-s_L,L
155118,Kenyon_Cell,KCab-c,KCab-c_R,R
155190,Kenyon_Cell,KCab-s,KCab-s_L,L
155211,Kenyon_Cell,KCa'b'-m,KCa'b'-m_L,L
155297,Kenyon_Cell,KCab-c,KCab-c_L,L
155312,Kenyon_Cell,KCg-m,KCg-m_L,L
155329,DAN,PAM02,PAM02(B'2a)_R,R
155692,Kenyon_Cell,KCab-s,KCab-s_R,R
155708,Kenyon_Cell,KCab-c,KCab-c_R,R
155716,Kenyon_Cell,KCab-p,KCab-p_L,L
155793,Kenyon_Cell,KCa'b'-ap1,KCa'b'-ap1_R,R
155871,Kenyon_Cell,KCab-m,KCab-m_L,L
155916,DAN,PAM01,PAM01(y5)_L,L
155937,Kenyon_Cell,KCab-s,KCab-s_L,L
155996,Kenyon_Cell,KCg-d,KCg-d_L,L
156028,DAN,PAM01,PAM01(y5)_R,R
156046,DAN,PAM01,PAM01(y5)_L,L
156345,Kenyon_Cell,KCab-c,KCab-c_R,R
156435,Kenyon_Cell,KCab-m,KCab-m_L,L
156450,Kenyon_Cell,KCg-m,KCg-m_L,L
156528,Kenyon_Cell,KCg-m,KCg-m_L,L
156554,Kenyon_Cell,KCab-s,KCab-s_L,L
156598,Kenyon_Cell,KCab-s,KCab-s_R,R
156664,Kenyon_Cell,KCg-m,KCg-m_L,L
156785,Kenyon_Cell,KCg-d,KCg-d_L,L
157016,DAN,PAM11,PAM11(a1)_L,L
157037,Kenyon_Cell,KCab-m,KCab-m_R,R
157134,DAN,PAM08,PAM08(y4)_R,R
157166,Kenyon_Cell,KCab-s,KCab-s_R,R
157213,Kenyon_Cell,KCab-s,KCab-s_L,L
157257,DAN,PAM12,PAM12(y3)_L,L
157281,Kenyon_Cell,KCab-s,KCab-s_R,R
157325,Kenyon_Cell,KCg-d,KCg-d_R,R
157370,DAN,PAM13,PAM13(B'1ap)_R,R
157389,Kenyon_Cell,KCab-s,KCab-s_L,L
157588,Kenyon_Cell,KCab-s,KCab-s_R,R
157610,Kenyon_Cell,KCab-m,KCab-m_R,R
157675,Kenyon_Cell,KCab-c,KCab-c_L,L
157683,DAN,PAM04,PAM04(B2)_R,R
157751,Kenyon_Cell,KCa'b'-ap2,KCa'b'-ap2_R,R
157767,DAN,PAM05,PAM05(B'2p)_R,R
157816,DAN,PAM04,PAM04(B2)_L,L
157864,Kenyon_Cell,KCg-m,KCg-m_R,R
158007,Kenyon_Cell,KCab-s,KCab-s_L,L
158126,Kenyon_Cell,KCab-s,KCab-s_L,L
158169,Kenyon_Cell,KCab-c,KCab-c_L,L
158196,DAN,PAM04,PAM04(B2)_L,L
158246,Kenyon_Cell,KCab-c,KCab-c_R,R
158263,Kenyon_Cell,KCab-p,KCab-p_L,L
158276,Kenyon_Cell,KCab-c,KCab-c_R,R
158328,Kenyon_Cell,KCg-m,KCg-m_L,L
158344,Kenyon_Cell,KCab-m,KCab-m_R,R
158368,Kenyon_Cell,KCab-m,KCab-m_L,L
158372,DAN,PAM08,PAM08(y4)_L,L
158447,Kenyon_Cell,KCg-d,KCg-d_L,L
158470,Kenyon_Cell,KCab-m,KCab-m_L,L
158500,Kenyon_Cell,KCab-c,KCab-c_L,L
158651,DAN,PAM06,PAM06(B'2m)_L,L
158676,Kenyon_Cell,KCg-m,KCg-m_L,L
158857,Kenyon_Cell,KCab-c,KCab-c_R,R
158869,Kenyon_Cell,KCa'b'-ap2,KCa'b'-ap2_R,R
158876,Kenyon_Cell,KCab-m,KCab-m_L,L
158917,DAN,PAM12,PAM12(y3)_R,R
159062,DAN,PAM01,PAM01(y5)_L,L
159158,DAN,PAM01,PAM01(y5)_L,L
159261,Kenyon_Cell,KCg-m,KCg-m_L,L
159286,Kenyon_Cell,KCab-m,KCab-m_L,L
159347,Kenyon_Cell,KCab-m,KCab-m_L,L
159383,Kenyon_Cell,KCab-m,KCab-m_L,L
159580,Kenyon_Cell,KCg-d,KCg-d_R,R
159654,Kenyon_Cell,KCab-m,KCab-m_L,L
159665,Kenyon_Cell,KCab-m,KCab-m_L,L
159667,Kenyon_Cell,KCab-c,KCab-c_L,L
159685,Kenyon_Cell,KCab-m,KCab-m_L,L
159692,Kenyon_Cell,KCab-c,KCab-c_R,R
159764,Kenyon_Cell,KCab-m,KCab-m_L,L
159831,DAN,PAM14,PAM14(B'1m)_L,L
160277,DAN,PAM06,PAM06(B'2m)_R,R
160320,MBON,MBON25-like,MBON25-like(y2)_L,L
160400,Kenyon_Cell,KCab-s,KCab-s_L,L
160407,Kenyon_Cell,KCab-s,KCab-s_L,L
160563,Kenyon_Cell,KCab-c,KCab-c_L,L
160568,Kenyon_Cell,KCab-c,KCab-c_L,L
160681,Kenyon_Cell,KCab-m,KCab-m_L,L
160745,Kenyon_Cell,KCab-c,KCab-c_L,L
160748,Kenyon_Cell,KCab-c,KCab-c_L,L
160750,Kenyon_Cell,KCab-m,KCab-m_L,L
160878,Kenyon_Cell,KCg-m,KCg-m_R,R
160885,Kenyon_Cell,KCab-s,KCab-s_R,R
160889,Kenyon_Cell,KCab-m,KCab-m_R,R
161026,Kenyon_Cell,KCa'b'-ap2,KCa'b'-ap2_R,R
161079,DAN,PAM15,PAM15(y5B'2a)_L,L
161153,DAN,PAM08,PAM08(y4)_L,L
161163,Kenyon_Cell,KCab-s,KCab-s_L,L
161200,Kenyon_Cell,KCab-c,KCab-c_L,L
161302,Kenyon_Cell,KCa'b'-m,KCa'b'-m_R,R
161418,Kenyon_Cell,KCab-c,KCab-c_L,L
161432,Kenyon_Cell,KCab-m,KCab-m_R,R
161517,Kenyon_Cell,KCab-c,KCab-c_R,R
161529,Kenyon_Cell,KCab-m,KCab-m_R,R
161552,Kenyon_Cell,KCab-s,KCab-s_R,R
161596,DAN,PAM14,PAM14(B'1m)_R,R
161627,Kenyon_Cell,KCab-m,KCab-m_L,L
161648,Kenyon_Cell,KCab-c,KCab-c_R,R
161706,Kenyon_Cell,KCg-m,KCg-m_L,L
161786,Kenyon_Cell,KCab-m,KCab-m_R,R
161865,Kenyon_Cell,KCab-c,KCab-c_L,L
161970,Kenyon_Cell,KCab-c,KCab-c_L,L
162004,Kenyon_Cell,KCab-c,KCab-c_L,L
162048,Kenyon_Cell,KCab-s,KCab-s_L,L
162050,DAN,PAM08,PAM08(y4)_L,L
162116,DAN,PAM13,PAM13(B'1ap)_L,L
162392,Kenyon_Cell,KCab-s,KCab-s_R,R
162399,Kenyon_Cell,KCab-s,KCab-s_L,L
162527,Kenyon_Cell,KCab-c,KCab-c_L,L
162607,Kenyon_Cell,KCab-m,KCab-m_L,L
162619,Kenyon_Cell,KCab-c,KCab-c_L,L
162631,DAN,PAM13,PAM13(B'1ap)_R,R
162655,Kenyon_Cell,KCab-m,KCab-m_L,L
162674,Kenyon_Cell,KCab-c,KCab-c_R,R
162822,Kenyon_Cell,KCab-c,KCab-c_L,L
162951,Kenyon_Cell,KCab-p,KCab-p_L,L
162966,Kenyon_Cell,KCab-c,KCab-c_L,L
163102,Kenyon_Cell,KCa'b'-ap1,KCa'b'-ap1_R,R
163194,DAN,PAM06,PAM06(B'2m)_R,R
163235,Kenyon_Cell,KCab-c,KCab-c_L,L
163251,Kenyon_Cell,KCab-s,KCab-s_L,L
163371,Kenyon_Cell,KCab-c,KCab-c_L,L
163450,Kenyon_Cell,KCab-m,KCab-m_L,L
163490,Kenyon_Cell,KCab-c,KCab-c_L,L
163500,Kenyon_Cell,KCab-m,KCab-m_L,L
163516,Kenyon_Cell,KCg-m,KCg-m_R,R
163698,Kenyon_Cell,KCg-m,KCg-m_L,L
163735,Kenyon_Cell,KCg-m,KCg-m_L,L
163739,Kenyon_Cell,KCab-m,KCab-m_L,L
163808,Kenyon_Cell,KCab-s,KCab-s_L,L
163883,DAN,PAM03,PAM03(B2B'2a)_L,L
163889,Kenyon_Cell,KCab-m,KCab-m_L,L
163951,DAN,PAM06,PAM06(B'2m)_R,R
163971,Kenyon_Cell,KCg-m,KCg-m_R,R
163974,Kenyon_Cell,KCab-c,KCab-c_L,L
164086,DAN,PAM01,PAM01(y5)_R,R
164099,Kenyon_Cell,KCab-m,KCab-m_L,L
164103,Kenyon_Cell,KCg-m,KCg-m_R,R
164216,Kenyon_Cell,KCab-c,KCab-c_R,R
164279,DAN,PAM14,PAM14(B'1m)_R,R
164355,Kenyon_Cell,KCab-s,KCab-s_L,L
164412,Kenyon_Cell,KCab-m,KCab-m_L,L
164534,Kenyon_Cell,KCab-s,KCab-s_R,R
164590,Kenyon_Cell,KCab-c,KCab-c_L,L
164601,DAN,PAM14,PAM14(B'1m)_L,L
164607,Kenyon_Cell,KCab-c,KCab-c_L,L
164966,Kenyon_Cell,KCab-m,KCab-m_L,L
165036,Kenyon_Cell,KCg-m,KCg-m_R,R
165105,Kenyon_Cell,KCab-s,KCab-s_L,L
165176,Kenyon_Cell,KCab-m,KCab-m_L,L
165180,Kenyon_Cell,KCab-c,KCab-c_R,R
165187,DAN,PAM05,PAM05(B'2p)_R,R
165240,Kenyon_Cell,KCab-s,KCab-s_R,R
165260,Kenyon_Cell,KCab-m,KCab-m_L,L
165307,Kenyon_Cell,KCab-s,KCab-s_R,R
165355,Kenyon_Cell,KCab-m,KCab-m_L,L
165359,Kenyon_Cell,KCab-m,KCab-m_L,L
165365,DAN,PAM01,PAM01(y5)_L,L
165459,Kenyon_Cell,KCab-c,KCab-c_L,L
165660,Kenyon_Cell,KCab-m,KCab-m_L,L
166005,Kenyon_Cell,KCab-m,KCab-m_R,R
166049,Kenyon_Cell,KCab-m,KCab-m_L,L
166057,Kenyon_Cell,KCab-s,KCab-s_R,R
166075,Kenyon_Cell,KCab-c,KCab-c_L,L
166081,Kenyon_Cell,KCab-p,KCab-p_L,L
166119,Kenyon_Cell,KCab-s,KCab-s_L,L
166153,Kenyon_Cell,KCab-s,KCab-s_L,L
166283,Kenyon_Cell,KCab-m,KCab-m_L,L
166289,Kenyon_Cell,KCab-m,KCab-m_L,L
166321,Kenyon_Cell,KCab-c,KCab-c_L,L
166385,Kenyon_Cell,KCab-s,KCab-s_L,L
166386,Kenyon_Cell,KCg-m,KCg-m_L,L
166533,Kenyon_Cell,KCab-c,KCab-c_L,L
166544,Kenyon_Cell,KCab-c,KCab-c_L,L
166581,Kenyon_Cell,KCab-s,KCab-s_R,R
166617,Kenyon_Cell,KCab-s,KCab-s_L,L
166687,Kenyon_Cell,KCg-m,KCg-m_L,L
166699,Kenyon_Cell,KCab-m,KCab-m_L,L
166749,Kenyon_Cell,KCab-m,KCab-m_L,L
166876,Kenyon_Cell,KCab-m,KCab-m_L,L
166885,Kenyon_Cell,KCab-c,KCab-c_L,L
166914,Kenyon_Cell,KCab-m,KCab-m_R,R
166918,Kenyon_Cell,KCab-c,KCab-c_L,L
166957,Kenyon_Cell,KCab-m,KCab-m_L,L
167009,DAN,PAM01,PAM01(y5)_R,R
167039,Kenyon_Cell,KCab-c,KCab-c_L,L
167073,DAN,PAM14,PAM14(B'1m)_R,R
167187,Kenyon_Cell,KCab-m,KCab-m_L,L
167201,Kenyon_Cell,KCab-m,KCab-m_L,L
167235,Kenyon_Cell,KCab-m,KCab-m_L,L
167289,Kenyon_Cell,KCab-c,KCab-c_L,L
167297,Kenyon_Cell,KCab-c,KCab-c_L,L
167305,Kenyon_Cell,KCab-m,KCab-m_L,L
167406,Kenyon_Cell,KCab-s,KCab-s_L,L
167413,Kenyon_Cell,KCab-c,KCab-c_L,L
167474,Kenyon_Cell,KCg-m,KCg-m_L,L
167484,Kenyon_Cell,KCab-s,KCab-s_L,L
167708,Kenyon_Cell,KCab-s,KCab-s_R,R
167780,Kenyon_Cell,KCab-s,KCab-s_R,R
167793,Kenyon_Cell,KCab-c,KCab-c_R,R
168006,Kenyon_Cell,KCab-c,KCab-c_L,L
168020,DAN,PAM03,PAM03(B2B'2a)_L,L
168059,Kenyon_Cell,KCab-c,KCab-c_L,L
168080,DAN,PAM03,PAM03(B2B'2a)_L,L
168123,Kenyon_Cell,KCab-c,KCab-c_L,L
168234,Kenyon_Cell,KCab-m,KCab-m_L,L
168306,Kenyon_Cell,KCg-m,KCg-m_R,R
168315,Kenyon_Cell,KCab-m,KCab-m_L,L
168405,Kenyon_Cell,KCab-c,KCab-c_R,R
168433,Kenyon_Cell,KCab-s,KCab-s_R,R
168459,Kenyon_Cell,KCab-m,KCab-m_L,L
168522,Kenyon_Cell,KCa'b'-m,KCa'b'-m_L,L
168564,Kenyon_Cell,KCab-c,KCab-c_L,L
168771,Kenyon_Cell,KCab-s,KCab-s_L,L
168795,Kenyon_Cell,KCab-c,KCab-c_L,L
168916,Kenyon_Cell,KCab-m,KCab-m_L,L
169027,DAN,PAM03,PAM03(B2B'2a)_R,R
169034,Kenyon_Cell,KCab-s,KCab-s_L,L
169141,Kenyon_Cell,KCab-m,KCab-m_R,R
169278,DAN,PAM01,PAM01(y5)_L,L
169369,Kenyon_Cell,KCab-c,KCab-c_L,L
169403,Kenyon_Cell,KCab-c,KCab-c_L,L
169420,Kenyon_Cell,KCab-m,KCab-m_L,L
169484,Kenyon_Cell,KCab-m,KCab-m_L,L
169639,Kenyon_Cell,KCab-c,KCab-c_L,L
169674,DAN,PAM04,PAM04(B2)_L,L
169734,Kenyon_Cell,KCab-c,KCab-c_L,L
169933,Kenyon_Cell,KCab-c,KCab-c_L,L
170005,Kenyon_Cell,KCab-s,KCab-s_L,L
170040,Kenyon_Cell,KCab-s,KCab-s_R,R
170179,Kenyon_Cell,KCab-p,KCab-p_L,L
170237,Kenyon_Cell,KCab-c,KCab-c_L,L
170293,Kenyon_Cell,KCab-p,KCab-p_L,L
170365,Kenyon_Cell,KCab-c,KCab-c_L,L
170366,Kenyon_Cell,KCab-c,KCab-c_L,L
170450,DAN,PAM10,PAM10(B1)_L,L
170466,Kenyon_Cell,KCab-m,KCab-m_R,R
170467,DAN,PAM03,PAM03(B2B'2a)_R,R
170474,Kenyon_Cell,KCab-m,KCab-m_L,L
170719,Kenyon_Cell,KCa'b'-ap2,KCa'b'-ap2_R,R
170870,Kenyon_Cell,KCab-c,KCab-c_R,R
170919,Kenyon_Cell,KCab-s,KCab-s_L,L
171000,Kenyon_Cell,KCab-c,KCab-c_L,L
171048,Kenyon_Cell,KCab-p,KCab-p_R,R
171163,Kenyon_Cell,KCg-m,KCg-m_R,R
171283,Kenyon_Cell,KCg-m,KCg-m_L,L
171292,Kenyon_Cell,KCab-c,KCab-c_L,L
171306,Kenyon_Cell,KCab-s,KCab-s_R,R
171340,Kenyon_Cell,KCab-m,KCab-m_L,L
171464,Kenyon_Cell,KCab-c,KCab-c_L,L
171959,DAN,PAM02,PAM02(B'2a)_R,R
171985,Kenyon_Cell,KCg-m,KCg-m_L,L
172017,Kenyon_Cell,KCab-c,KCab-c_L,L
172084,Kenyon_Cell,KCg-m,KCg-m_R,R
172186,Kenyon_Cell,KCab-m,KCab-m_R,R
172224,Kenyon_Cell,KCab-c,KCab-c_L,L
172273,Kenyon_Cell,KCab-c,KCab-c_L,L
172288,Kenyon_Cell,KCab-m,KCab-m_L,L
172298,Kenyon_Cell,KCg-m,KCg-m_L,L
172324,Kenyon_Cell,KCab-c,KCab-c_L,L
172355,Kenyon_Cell,KCab-c,KCab-c_L,L
172379,Kenyon_Cell,KCab-m,KCab-m_L,L
172492,Kenyon_Cell,KCg-m,KCg-m_L,L
172635,Kenyon_Cell,KCab-m,KCab-m_R,R
172748,Kenyon_Cell,KCab-c,KCab-c_L,L
172801,Kenyon_Cell,KCab-c,KCab-c_L,L
173081,Kenyon_Cell,KCab-c,KCab-c_L,L
173082,Kenyon_Cell,KCab-c,KCab-c_L,L
173137,Kenyon_Cell,KCab-c,KCab-c_L,L
173157,Kenyon_Cell,KCab-m,KCab-m_R,R
173188,Kenyon_Cell,KCab-s,KCab-s_R,R
173322,Kenyon_Cell,KCg-m,KCg-m_R,R
173332,Kenyon_Cell,KCab-c,KCab-c_L,L
173472,Kenyon_Cell,KCab-c,KCab-c_L,L
173570,Kenyon_Cell,KCab-c,KCab-c_L,L
173573,Kenyon_Cell,KCab-c,KCab-c_R,R
173781,Kenyon_Cell,KCab-m,KCab-m_L,L
173807,Kenyon_Cell,KCab-s,KCab-s_R,R
173882,Kenyon_Cell,KCab-s,KCab-s_R,R
173951,Kenyon_Cell,KCab-s,KCab-s_L,L
173970,Kenyon_Cell,KCab-c,KCab-c_L,L
174029,Kenyon_Cell,KCab-m,KCab-m_L,L
174047,Kenyon_Cell,KCab-s,KCab-s_L,L
174060,Kenyon_Cell,KCab-c,KCab-c_R,R
174127,Kenyon_Cell,KCa'b'-m,KCa'b'-m_L,L
174181,Kenyon_Cell,KCab-s,KCab-s_L,L
174185,Kenyon_Cell,KCab-m,KCab-m_L,L
174194,Kenyon_Cell,KCab-c,KCab-c_L,L
174255,DAN,PAM14,PAM14(B'1m)_L,L
174384,DAN,PAM03,PAM03(B2B'2a)_R,R
174546,Kenyon_Cell,KCab-p,KCab-p_L,L
174587,Kenyon_Cell,KCab-m,KCab-m_R,R
174608,Kenyon_Cell,KCab-c,KCab-c_L,L
174672,DAN,PAM08,PAM08(y4)_L,L
174813,Kenyon_Cell,KCab-c,KCab-c_L,L
174862,DAN,PAM08,PAM08(y4)_R,R
175168,Kenyon_Cell,KCab-s,KCab-s_L,L
175232,DAN,PAM13,PAM13(B'1ap)_L,L
175308,Kenyon_Cell,KCab-c,KCab-c_L,L
175328,Kenyon_Cell,KCab-c,KCab-c_L,L
175459,DAN,PAM08,PAM08(y4)_L,L
175490,Kenyon_Cell,KCab-c,KCab-c_L,L
175745,Kenyon_Cell,KCab-m,KCab-m_L,L
175766,Kenyon_Cell,KCab-c,KCab-c_R,R
175767,Kenyon_Cell,KCg-m,KCg-m_L,L
175807,Kenyon_Cell,KCab-s,KCab-s_L,L
175918,Kenyon_Cell,KCg-m,KCg-m_L,L
175964,DAN,PAM08,PAM08(y4)_R,R
175976,Kenyon_Cell,KCab-c,KCab-c_R,R
176147,Kenyon_Cell,KCab-m,KCab-m_L,L
176169,Kenyon_Cell,KCab-c,KCab-c_L,L
176320,Kenyon_Cell,KCab-c,KCab-c_R,R
176429,DAN,PAM04,PAM04(B2)_L,L
176460,DAN,PAM15,PAM15(y5B'2a)_R,R
176508,Kenyon_Cell,KCab-m,KCab-m_L,L
176770,Kenyon_Cell,KCg-m,KCg-m_R,R
176984,Kenyon_Cell,KCab-m,KCab-m_L,L
177010,Kenyon_Cell,KCab-m,KCab-m_L,L
177085,Kenyon_Cell,KCab-m,KCab-m_L,L
177202,DAN,PAM03,PAM03(B2B'2a)_L,L
177383,Kenyon_Cell,KCab-c,KCab-c_R,R
177603,DAN,PAM04,PAM04(B2)_L,L
177799,Kenyon_Cell,KCab-c,KCab-c_L,L
177800,DAN,PAM04,PAM04(B2)_L,L
177835,Kenyon_Cell,KCab-m,KCab-m_L,L
178101,DAN,PAM08,PAM08(y4)_L,L
178189,Kenyon_Cell,KCab-m,KCab-m_L,L
178307,Kenyon_Cell,KCab-c,KCab-c_R,R
178377,Kenyon_Cell,KCab-c,KCab-c_L,L
178476,Kenyon_Cell,KCab-s,KCab-s_R,R
178487,DAN,PAM08,PAM08(y4)_R,R
178539,DAN,PAM04,PAM04(B2)_R,R
178768,Kenyon_Cell,KCab-c,KCab-c_L,L
178810,Kenyon_Cell,KCab-m,KCab-m_R,R
178917,Kenyon_Cell,KCab-m,KCab-m_L,L
178945,DAN,PAM10,PAM10(B1)_R,R
179084,Kenyon_Cell,KCab-s,KCab-s_L,L
179219,Kenyon_Cell,KCab-s,KCab-s_R,R
179398,Kenyon_Cell,KCg-m,KCg-m_L,L
179489,Kenyon_Cell,KCab-c,KCab-c_R,R
179529,Kenyon_Cell,KCab-m,KCab-m_L,L
179669,Kenyon_Cell,KCab-m,KCab-m_L,L
179774,Kenyon_Cell,KCab-c,KCab-c_L,L
179899,Kenyon_Cell,KCab-c,KCab-c_L,L
180332,Kenyon_Cell,KCa'b'-m,KCa'b'-m_R,R
180403,DAN,PAM09,PAM09(B1ped)_R,R
180422,Kenyon_Cell,KCab-c,KCab-c_R,R
180494,Kenyon_Cell,KCg-m,KCg-m_L,L
180588,Kenyon_Cell,KCg-m,KCg-m_R,R
180728,Kenyon_Cell,KCa'b'-ap2,KCa'b'-ap2_R,R
180757,Kenyon_Cell,KCg-m,KCg-m_L,L
180812,Kenyon_Cell,KCg-m,KCg-m_R,R
180859,Kenyon_Cell,KCab-s,KCab-s_L,L
180876,Kenyon_Cell,KCab-s,KCab-s_L,L
180905,Kenyon_Cell,KCg-m,KCg-m_R,R
180920,Kenyon_Cell,KCab-s,KCab-s_R,R
180939,Kenyon_Cell,KCab-s,KCab-s_R,R
181180,Kenyon_Cell,KCab-c,KCab-c_R,R
181464,Kenyon_Cell,KCab-m,KCab-m_R,R
181516,Kenyon_Cell,KCab-c,KCab-c_L,L
181795,Kenyon_Cell,KCab-c,KCab-c_L,L
181884,Kenyon_Cell,KCab-m,KCab-m_L,L
181924,DAN,PAM01,PAM01(y5)_L,L
182596,Kenyon_Cell,KCab-s,KCab-s_R,R
182674,Kenyon_Cell,KCab-c,KCab-c_L,L
182702,Kenyon_Cell,KCa'b'-ap1,KCa'b'-ap1_R,R
182780,Kenyon_Cell,KCab-c,KCab-c_L,L
182857,Kenyon_Cell,KCab-c,KCab-c_L,L
183527,Kenyon_Cell,KCab-c,KCab-c_L,L
183567,DAN,PAM13,PAM13(B'1ap)_L,L
183652,Kenyon_Cell,KCab-c,KCab-c_L,L
183659,Kenyon_Cell,KCab-s,KCab-s_L,L
183749,Kenyon_Cell,KCab-c,KCab-c_L,L
184536,Kenyon_Cell,KCab-p,KCab-p_R,R
184619,Kenyon_Cell,KCg-m,KCg-m_L,L
184778,DAN,PAM08,PAM08(y4)_R,R
185076,Kenyon_Cell,KCab-c,KCab-c_L,L
185154,Kenyon_Cell,KCab-s,KCab-s_L,L
185386,Kenyon_Cell,KCg-m,KCg-m_L,L
185506,Kenyon_Cell,KCab-c,KCab-c_L,L
185518,DAN,PAM01,PAM01(y5)_L,L
185639,Kenyon_Cell,KCg-m,KCg-m_L,L
185655,Kenyon_Cell,KCab-s,KCab-s_L,L
185892,Kenyon_Cell,KCab-m,KCab-m_L,L
186043,Kenyon_Cell,KCab-m,KCab-m_R,R
186170,Kenyon_Cell,KCab-m,KCab-m_L,L
186305,Kenyon_Cell,KCa'b'-ap2,KCa'b'-ap2_R,R
186566,DAN,PAM04,PAM04(B2)_R,R
186613,Kenyon_Cell,KCab-c,KCab-c_R,R
186833,Kenyon_Cell,KCab-m,KCab-m_R,R
186977,Kenyon_Cell,KCa'b'-m,KCa'b'-m_R,R
187266,Kenyon_Cell,KCab-s,KCab-s_R,R
187741,MBON,MBON15-like,MBON15-like(a'1a'2)_R,R
187909,Kenyon_Cell,KCab-c,KCab-c_L,L
188103,Kenyon_Cell,KCab-c,KCab-c_L,L
188114,Kenyon_Cell,KCab-m,KCab-m_L,L
188198,Kenyon_Cell,KCg-m,KCg-m_L,L
188253,Kenyon_Cell,KCab-s,KCab-s_R,R
188606,Kenyon_Cell,KCab-c,KCab-c_R,R
189047,Kenyon_Cell,KCg-m,KCg-m_R,R
189068,Kenyon_Cell,KCab-m,KCab-m_R,R
189744,Kenyon_Cell,KCab-s,KCab-s_R,R
189868,Kenyon_Cell,KCab-c,KCab-c_L,L
190056,Kenyon_Cell,KCab-p,KCab-p_L,L
190256,Kenyon_Cell,KCab-c,KCab-c_L,L
190296,DAN,PAM02,PAM02(B'2a)_R,R
190297,DAN,PAM03,PAM03(B2B'2a)_L,L
190302,Kenyon_Cell,KCab-s,KCab-s_R,R
190305,Kenyon_Cell,KCab-c,KCab-c_L,L
190635,DAN,PAM05,PAM05(B'2p)_R,R
191629,Kenyon_Cell,KCg-m,KCg-m_L,L
191728,Kenyon_Cell,KCab-m,KCab-m_L,L
191843,Kenyon_Cell,KCab-c,KCab-c_L,L
191928,Kenyon_Cell,KCab-s,KCab-s_R,R
191936,Kenyon_Cell,KCab-c,KCab-c_R,R
192097,Kenyon_Cell,KCab-s,KCab-s_L,L
192146,Kenyon_Cell,KCab-m,KCab-m_L,L
192245,DAN,PAM05,PAM05(B'2p)_R,R
192421,Kenyon_Cell,KCab-p,KCab-p_R,R
192762,Kenyon_Cell,KCab-s,KCab-s_R,R
193578,Kenyon_Cell,KCab-s,KCab-s_L,L
193963,Kenyon_Cell,KCab-m,KCab-m_L,L
194148,Kenyon_Cell,KCab-c,KCab-c_L,L
194483,Kenyon_Cell,KCg-m,KCg-m_R,R
194600,Kenyon_Cell,KCab-s,KCab-s_L,L
194678,Kenyon_Cell,KCa'b'-m,KCa'b'-m_R,R
194889,Kenyon_Cell,KCab-c,KCab-c_L,L
194990,Kenyon_Cell,KCa'b'-m,KCa'b'-m_L,L
195206,Kenyon_Cell,KCab-m,KCab-m_R,R
195279,Kenyon_Cell,KCg-m,KCg-m_R,R
195297,Kenyon_Cell,KCa'b'-m,KCa'b'-m_R,R
195397,Kenyon_Cell,KCab-m,KCab-m_L,L
196030,DAN,PAM06,PAM06(B'2m)_L,L
196049,Kenyon_Cell,KCab-c,KCab-c_L,L
196065,Kenyon_Cell,KCab-s,KCab-s_L,L
196228,Kenyon_Cell,KCab-c,KCab-c_L,L
196369,Kenyon_Cell,KCab-s,KCab-s_R,R
196622,DAN,PAM12,PAM12(y3)_R,R
196985,DAN,PAM05,PAM05(B'2p)_R,R
197319,Kenyon_Cell,KCab-m,KCab-m_R,R
197363,Kenyon_Cell,KCab-p,KCab-p_R,R
197691,DAN,PAM01,PAM01(y5)_L,L
197895,Kenyon_Cell,KCg-m,KCg-m_L,L
197920,DAN,PAM08,PAM08(y4)_R,R
198145,Kenyon_Cell,KCab-m,KCab-m_L,L
198408,Kenyon_Cell,KCab-c,KCab-c_L,L
198431,Kenyon_Cell,KCab-s,KCab-s_R,R
198507,DAN,PAM13,PAM13(B'1ap)_L,L
198758,DAN,PAM01,PAM01(y5)_L,L
199291,Kenyon_Cell,KCab-c,KCab-c_L,L
200482,Kenyon_Cell,KCg-m,KCg-m_R,R
200566,Kenyon_Cell,KCab-s,KCab-s_L,L
200684,Kenyon_Cell,KCab-s,KCab-s_R,R
200908,Kenyon_Cell,KCa'b'-ap2,KCa'b'-ap2_R,R
200973,DAN,PAM10,PAM10(B1)_R,R
201756,Kenyon_Cell,KCab-s,KCab-s_L,L
202242,Kenyon_Cell,KCg-m,KCg-m_L,L
202330,DAN,PAM13,PAM13(B'1ap)_R,R
202642,Kenyon_Cell,KCab-c,KCab-c_L,L
203037,Kenyon_Cell,KCab-c,KCab-c_L,L
203543,Kenyon_Cell,KCa'b'-m,KCa'b'-m_R,R
203682,DAN,PAM14,PAM14(B'1m)_R,R
203885,DAN,PAM13,PAM13(B'1ap)_R,R
204930,DAN,PAM11,PAM11(a1)_L,L
205250,Kenyon_Cell,KCab-m,KCab-m_L,L
205480,Kenyon_Cell,KCab-c,KCab-c_L,L
205561,Kenyon_Cell,KCab-c,KCab-c_L,L
205884,DAN,PAM01,PAM01(y5)_R,R
205908,Kenyon_Cell,KCg-m,KCg-m_R,R
206188,Kenyon_Cell,KCab-s,KCab-s_L,L
206455,Kenyon_Cell,KCab-c,KCab-c_L,L
206739,Kenyon_Cell,KCg-s4,KCg-s4_L,L
206851,DAN,PAM12,PAM12(y3)_R,R
207122,DAN,PAM13,PAM13(B'1ap)_L,L
207353,Kenyon_Cell,KCab-m,KCab-m_L,L
207463,DAN,PAM06,PAM06(B'2m)_R,R
208043,Kenyon_Cell,KCab-c,KCab-c_L,L
208566,MBON,MBON34,MBON34(y2)_L,L
209656,DAN,PAM13,PAM13(B'1ap)_L,L
209674,Kenyon_Cell,KCab-c,KCab-c_L,L
209949,Kenyon_Cell,KCab-c,KCab-c_R,R
210440,Kenyon_Cell,KCab-s,KCab-s_R,R
210806,Kenyon_Cell,KCab-m,KCab-m_L,L
211087,Kenyon_Cell,KCab-c,KCab-c_L,L
211474,Kenyon_Cell,KCab-m,KCab-m_R,R
212085,DAN,PAM01,PAM01(y5)_R,R
212154,Kenyon_Cell,KCg-m,KCg-m_R,R
212160,DAN,PAM08,PAM08(y4)_R,R
212684,DAN,PAM14,PAM14(B'1m)_L,L
212767,Kenyon_Cell,KCg-m,KCg-m_R,R
213743,DAN,PAM05,PAM05(B'2p)_R,R
213934,Kenyon_Cell,KCab-m,KCab-m_R,R
213996,Kenyon_Cell,KCab-p,KCab-p_R,R
214044,Kenyon_Cell,KCab-m,KCab-m_R,R
214511,Kenyon_Cell,KCab-c,KCab-c_L,L
215931,DAN,PAM11,PAM11(a1)_R,R
215940,DAN,PAM13,PAM13(B'1ap)_L,L
216580,Kenyon_Cell,KCg-d,KCg-d_L,L
217007,DAN,PAM06,PAM06(B'2m)_R,R
217737,DAN,PAM14,PAM14(B'1m)_L,L
218356,Kenyon_Cell,KCab-m,KCab-m_R,R
218518,DAN,PAM13,PAM13(B'1ap)_R,R
218583,DAN,PAM04,PAM04(B2)_R,R
218942,Kenyon_Cell,KCg-m,KCg-m_R,R
221876,Kenyon_Cell,KCg-m,KCg-m_R,R
222128,Kenyon_Cell,KCab-c,KCab-c_L,L
222130,Kenyon_Cell,KCab-s,KCab-s_R,R
223880,Kenyon_Cell,KCab-m,KCab-m_R,R
224160,DAN,PAM14,PAM14(B'1m)_R,R
224205,DAN,PAM09,PAM09(B1ped)_R,R
224500,DAN,PAM11,PAM11(a1)_R,R
224662,Kenyon_Cell,KCab-c,KCab-c_L,L
226379,Kenyon_Cell,KCab-s,KCab-s_R,R
226452,DAN,PAM05,PAM05(B'2p)_R,R
226708,DAN,PAM08,PAM08(y4)_R,R
228917,Kenyon_Cell,KCab-p,KCab-p_R,R
230802,DAN,PAM05,PAM05(B'2p)_L,L
231413,DAN,PAM14,PAM14(B'1m)_L,L
236035,Kenyon_Cell,KCg-m,KCg-m_L,L
237109,Kenyon_Cell,KCab-s,KCab-s_R,R
237248,Kenyon_Cell,KCab-m,KCab-m_L,L
238644,DAN,PAM11,PAM11(a1)_R,R
239873,DAN,PAM04,PAM04(B2)_L,L
241948,Kenyon_Cell,KCab-s,KCab-s_L,L
242401,Kenyon_Cell,KCab-s,KCab-s_R,R
242429,DAN,PAM08,PAM08(y4)_R,R
243477,DAN,PAM13,PAM13(B'1ap)_R,R
243735,Kenyon_Cell,KCg-m,KCg-m_R,R
245271,Kenyon_Cell,KCab-s,KCab-s_R,R
245416,Kenyon_Cell,KCab-c,KCab-c_L,L
247098,Kenyon_Cell,KCa'b'-m,KCa'b'-m_R,R
248072,Kenyon_Cell,KCab-c,KCab-c_L,L
248678,Kenyon_Cell,KCab-s,KCab-s_R,R
252045,DAN,PAM01,PAM01(y5)_R,R
252837,Kenyon_Cell,KCab-c,KCab-c_L,L
257083,Kenyon_Cell,KCab-m,KCab-m_L,L
257650,DAN,PAM02,PAM02(B'2a)_R,R
259089,DAN,PAM02,PAM02(B'2a)_R,R
259486,DAN,PAM04,PAM04(B2)_R,R
261849,Kenyon_Cell,KCab-m,KCab-m_R,R
262117,Kenyon_Cell,KCab-m,KCab-m_R,R
263358,Kenyon_Cell,KCab-m,KCab-m_R,R
263886,Kenyon_Cell,KCab-s,KCab-s_R,R
264746,Kenyon_Cell,KCab-m,KCab-m_R,R
265747,Kenyon_Cell,KCab-c,KCab-c_L,L
266449,Kenyon_Cell,KCab-s,KCab-s_R,R
268292,Kenyon_Cell,KCab-m,KCab-m_R,R
268907,Kenyon_Cell,KCab-c,KCab-c_L,L
272106,Kenyon_Cell,KCab-m,KCab-m_R,R
273182,DAN,PAM11,PAM11(a1)_L,L
286505,Kenyon_Cell,KCab-c,KCab-c_L,L
287798,Kenyon_Cell,KCab-s,KCab-s_R,R
291665,DAN,PAM02,PAM02(B'2a)_R,R
292203,DAN,PAM04,PAM04(B2)_L,L
294758,Kenyon_Cell,KCab-c,KCab-c_R,R
297139,DAN,PAM04,PAM04(B2)_R,R
303093,Kenyon_Cell,KCab-s,KCab-s_R,R
319321,DAN,PAM11,PAM11(a1)_R,R
325731,DAN,PAM01,PAM01(y5)_R,R
336850,DAN,PAM03,PAM03(B2B'2a)_L,L
341512,DAN,PAM04,PAM04(B2)_L,L
365046,Kenyon_Cell,KCab-s,KCab-s_R,R
374700,Kenyon_Cell,KCab-p,KCab-p_R,R
375168,Kenyon_Cell,KCab-c,KCab-c_R,R
394860,MBON,MBON25,MBON25(y1y2)_R,R
500003,Kenyon_Cell,KCab-s,KCab-s_R,R
500140,Kenyon_Cell,KCab-s,KCab-s_R,R
500143,Kenyon_Cell,KCab-s,KCab-s_R,R
500161,Kenyon_Cell,KCab-s,KCab-s_R,R
506819,DAN,PAM01,PAM01(y5)_R,R
508595,MBON,MBON35,MBON35(y2)_R,R
512326,DAN,PPL105,PPL105(a'2a2)_L,L
512788,MBON,MBON18,MBON18(a2sc)_L,L
512789,MBON,MBON23,MBON23(a2sp)_L,L
513174,MBON,MBON30,MBON30(y1y2y3)_L,L
513175,Kenyon_Cell,KCg-m,KCg-m_L,L
513387,MBON,MBON17-like,MBON17-like(a'2a'3)_L,L
513391,MBON,MBON17-like,MBON17-like(a'2a'3)_R,R
514004,Kenyon_Cell,KCg-m,KCg-m_L,L
514066,Kenyon_Cell,KCa'b'-ap2,KCa'b'-ap2_R,R
514853,MBON,MBON13,MBON13(a'2)_R,R
515015,MBON,MBON30,MBON30(y1y2y3)_R,R
515034,MBON,MBON27,MBON27(y5d)_R,R
515048,DAN,PPL104,PPL104(a'3)_L,L
515338,MBON,MBON07,MBON07(a1)_R,R
516044,DAN,PAM04,PAM04(B2)_R,R
518072,DAN,PAM09,PAM09(B1ped)_L,L
518137,DAN,PAM06,PAM06(B'2m)_L,L
518333,Kenyon_Cell,KCa'b'-ap1,KCa'b'-ap1_R,R
518554,Kenyon_Cell,KCab-s,KCab-s_R,R
518555,Kenyon_Cell,KCg-m,KCg-m_R,R
518959,Kenyon_Cell,KCab-s,KCab-s_R,R
519128,MBON,MBON27,MBON27(y5d)_L,L
519131,MBON,MBON32,MBON32(y2)_R,R
519368,MBON,MBON12,MBON12(y2a'1)_R,R
519371,MBON,MBON05,MBON05(y4>y1y2)_L,L
519373,MBON,MBON03,MBON03(B'2mp)_L,L
519616,DAN,PPL107,PPL107_L,L
519619,MBON,MBON29,MBON29(y4y5)_L,L
519854,Kenyon_Cell,KCg-m,KCg-m_R,R
519857,Kenyon_Cell,KCg-m,KCg-m_R,R
520151,MBON,MBON01,MBON01(y5B'2a)_L,L
520182,DAN,PPL204,PPL204_R,R
520183,Kenyon_Cell,KCab-s,KCab-s_R,R
520185,Kenyon_Cell,KCa'b'-ap2,KCa'b'-ap2_L,L
520186,MBON,MBON16,MBON16(a'3ap)_L,L
520204,Kenyon_Cell,KCg-d,KCg-d_R,R
520206,Kenyon_Cell,KCg-d,KCg-d_R,R
520384,DAN,PAM12,PAM12(y3)_R,R
520395,MBON,MBON15,MBON15(a'1)_L,L
520403,DAN,PAM10,PAM10(B1)_L,L
520616,DAN,PAM11,PAM11(a1)_L,L
520823,Kenyon_Cell,KCab-s,KCab-s_R,R
521086,MBON,MBON12,MBON12(y2a'1)_R,R
521384,Kenyon_Cell,KCg-m,KCg-m_R,R
521526,MBON,MBON03,MBON03(B'2mp)_R,R
521781,Kenyon_Cell,KCab-s,KCab-s_R,R
522444,MBON,MBON02,MBON02(B2B'2a)_R,R
522749,MBON,MBON02,MBON02(B2B'2a)_L,L
522981,Kenyon_Cell,KCg-m,KCg-m_L,L
523043,MBON,MBON33,MBON33(y2y3)_R,R
523057,Kenyon_Cell,KCg-m,KCg-m_R,R
523060,MBON,MBON09,MBON09(y3B'1)_R,R
523358,Kenyon_Cell,KCg-m,KCg-m_R,R
523382,DAN,PAM08,PAM08(y4)_L,L
523553,DAN,PAM05,PAM05(B'2p)_L,L
523628,MBON,MBON21,MBON21(y4y5)_R,R
523630,Kenyon_Cell,KCg-m,KCg-m_R,R
523638,DAN,PAM01,PAM01(y5)_R,R
523791,DAN,PAM04,PAM04(B2)_R,R
523942,DAN,PAM08,PAM08(y4)_R,R
523987,MBON,MBON29,MBON29(y4y5)_R,R
524069,DAN,PAM08,PAM08(y4)_R,R
524455,Kenyon_Cell,KCg-d,KCg-d_L,L
524733,MBON,MBON10,MBON10(B'1)_L,L
524809,Kenyon_Cell,KCg-m,KCg-m_R,R
524851,Kenyon_Cell,KCg-m,KCg-m_R,R
524893,MBON,MBON26,MBON26(b'2d)_L,L
525305,Kenyon_Cell,KCg-m,KCg-m_R,R
525662,Kenyon_Cell,KCa'b'-m,KCa'b'-m_R,R
525780,MBON,MBON04,MBON04(B'2mp_bilateral)_R,R
525787,DAN,PAM05,PAM05(B'2p)_L,L
526670,Kenyon_Cell,KCg-m,KCg-m_R,R
526720,Kenyon_Cell,KCa'b'-ap2,KCa'b'-ap2_R,R
526724,Kenyon_Cell,KCa'b'-ap1,KCa'b'-ap1_R,R
526900,Kenyon_Cell,KCg-d,KCg-d_R,R
527209,Kenyon_Cell,KCg-m,KCg-m_R,R
527211,Kenyon_Cell,KCg-m,KCg-m_R,R
528100,DAN,PAM09,PAM09(B1ped)_L,L
529039,Kenyon_Cell,KCab-c,KCab-c_R,R
529041,Kenyon_Cell,KCab-s,KCab-s_R,R
529371,Kenyon_Cell,KCg-m,KCg-m_L,L
529490,Kenyon_Cell,KCa'b'-ap1,KCa'b'-ap1_L,L
529512,DAN,PPL106,PPL106_R,R
529516,DAN,PPL106,PPL106_L,L
530565,Kenyon_Cell,KCa'b'-ap2,KCa'b'-ap2_L,L
530875,MBON,MBON04,MBON04(B'2mp_bilateral)_L,L
531096,Kenyon_Cell,KCab-p,KCab-p_L,L
531346,Kenyon_Cell,KCg-m,KCg-m_L,L
531428,Kenyon_Cell,KCg-d,KCg-d_R,R
531829,MBON,MBON10,MBON10(B'1)_L,L
532284,Kenyon_Cell,KCg-m,KCg-m_L,L
532287,Kenyon_Cell,KCab-s,KCab-s_R,R
532290,Kenyon_Cell,KCab-s,KCab-s_R,R
532544,Kenyon_Cell,KCg-m,KCg-m_R,R
532715,DAN,PAM05,PAM05(B'2p)_L,L
533081,Kenyon_Cell,KCab-s,KCab-s_R,R
533201,Kenyon_Cell,KCg-m,KCg-m_R,R
533211,Kenyon_Cell,KCab-p,KCab-p_R,R
533220,Kenyon_Cell,KCg-d,KCg-d_R,R
533294,DAN,PAM01,PAM01(y5)_L,L
533345,Kenyon_Cell,KCg-d,KCg-d_R,R
533346,Kenyon_Cell,KCg-m,KCg-m_R,R
533371,Kenyon_Cell,KCg-m,KCg-m_R,R
533585,Kenyon_Cell,KCg-m,KCg-m_R,R
534136,Kenyon_Cell,KCa'b'-ap1,KCa'b'-ap1_L,L
534428,Kenyon_Cell,KCg-m,KCg-m_R,R
534582,Kenyon_Cell,KCg-m,KCg-m_L,L
534786,Kenyon_Cell,KCg-d,KCg-d_R,R
534983,Kenyon_Cell,KCab-s,KCab-s_R,R
535357,Kenyon_Cell,KCg-m,KCg-m_R,R
535720,Kenyon_Cell,KCg-d,KCg-d_R,R
535795,Kenyon_Cell,KCg-d,KCg-d_L,L
535798,Kenyon_Cell,KCa'b'-ap1,KCa'b'-ap1_L,L
536046,Kenyon_Cell,KCg-m,KCg-m_L,L
536289,Kenyon_Cell,KCab-s,KCab-s_R,R
536292,Kenyon_Cell,KCg-m,KCg-m_R,R
536363,Kenyon_Cell,KCg-d,KCg-d_R,R
537061,Kenyon_Cell,KCab-s,KCab-s_R,R
537082,Kenyon_Cell,KCg-m,KCg-m_R,R
537090,Kenyon_Cell,KCg-d,KCg-d_L,L
537099,Kenyon_Cell,KCg-m,KCg-m_L,L
537458,Kenyon_Cell,KCg-m,KCg-m_L,L
537652,Kenyon_Cell,KCg-m,KCg-m_R,R
537759,Kenyon_Cell,KCg-m,KCg-m_R,R
538096,Kenyon_Cell,KCg-m,KCg-m_L,L
539245,Kenyon_Cell,KCg-m,KCg-m_L,L
539249,Kenyon_Cell,KCg-m,KCg-m_R,R
539367,Kenyon_Cell,KCa'b'-m,KCa'b'-m_R,R
539381,Kenyon_Cell,KCab-s,KCab-s_R,R
539583,Kenyon_Cell,KCa'b'-ap1,KCa'b'-ap1_L,L
539948,Kenyon_Cell,KCg-m,KCg-m_L,L
540383,MBON,MBON10,MBON10(B'1)_R,R
540535,Kenyon_Cell,KCg-m,KCg-m_L,L
541683,Kenyon_Cell,KCg-m,KCg-m_R,R
541716,Kenyon_Cell,KCg-m,KCg-m_R,R
541882,Kenyon_Cell,KCa'b'-ap1,KCa'b'-ap1_R,R
542101,Kenyon_Cell,KCa'b'-ap2,KCa'b'-ap2_R,R
542106,Kenyon_Cell,KCa'b'-m,KCa'b'-m_R,R
542818,Kenyon_Cell,KCg-d,KCg-d_L,L
543037,Kenyon_Cell,KCg-m,KCg-m_L,L
543571,Kenyon_Cell,KCg-m,KCg-m_L,L
543605,Kenyon_Cell,KCg-m,KCg-m_R,R
543677,DAN,PAM01,PAM01(y5)_R,R
543682,Kenyon_Cell,KCg-m,KCg-m_R,R
543948,Kenyon_Cell,KCg-m,KCg-m_R,R
544257,DAN,PAM10,PAM10(B1)_R,R
544359,DAN,PAM10,PAM10(B1)_R,R
544476,Kenyon_Cell,KCab-s,KCab-s_R,R
544634,Kenyon_Cell,KCg-m,KCg-m_L,L
544736,Kenyon_Cell,KCg-m,KCg-m_R,R
544770,DAN,PAM04,PAM04(B2)_R,R
544813,Kenyon_Cell,KCab-m,KCab-m_L,L
545066,Kenyon_Cell,KCab-m,KCab-m_R,R
545375,Kenyon_Cell,KC,KC_L_fragment,L
545415,Kenyon_Cell,KCab-s,KCab-s_L,L
545597,Kenyon_Cell,KCa'b'-ap2,KCa'b'-ap2_R,R
545674,Kenyon_Cell,KCg-m,KCg-m_L,L
545809,Kenyon_Cell,KCab-s,KCab-s_R,R
546275,Kenyon_Cell,KCab-p,KCab-p_L,L
546905,Kenyon_Cell,KCab-p,KCab-p_R,R
546981,Kenyon_Cell,KCg-m,KCg-m_L,L
547260,DAN,PAM10,PAM10(B1)_R,R
547275,Kenyon_Cell,KCg-m,KCg-m_R,R
547276,Kenyon_Cell,KCg-m,KCg-m_R,R
547293,Kenyon_Cell,KCa'b'-m,KCa'b'-m_R,R
547586,Kenyon_Cell,KCab-c,KCab-c_R,R
548340,Kenyon_Cell,KCab-m,KCab-m_L,L
548435,Kenyon_Cell,KCa'b'-m,KCa'b'-m_L,L
548595,Kenyon_Cell,KCg-m,KCg-m_L,L
548654,Kenyon_Cell,KCa'b'-ap2,KCa'b'-ap2_R,R
549323,Kenyon_Cell,KCab-m,KCab-m_L,L
549344,Kenyon_Cell,KCa'b'-ap2,KCa'b'-ap2_R,R
550362,Kenyon_Cell,KCab-s,KCab-s_R,R
550365,Kenyon_Cell,KCab-m,KCab-m_L,L
550378,Kenyon_Cell,KCab-s,KCab-s_L,L
550403,Kenyon_Cell,KCab-s,KCab-s_R,R
550530,Kenyon_Cell,KCab-m,KCab-m_L,L
550557,Kenyon_Cell,KCab-c,KCab-c_L,L
550598,Kenyon_Cell,KCab-s,KCab-s_R,R
550671,Kenyon_Cell,KCab-c,KCab-c_L,L
550753,Kenyon_Cell,KCab-m,KCab-m_R,R
550775,Kenyon_Cell,KCab-m,KCab-m_R,R
550868,Kenyon_Cell,KCg-m,KCg-m_R,R
550950,Kenyon_Cell,KCab-s,KCab-s_R,R
551264,Kenyon_Cell,KCab-s,KCab-s_L,L
551434,Kenyon_Cell,KCa'b'-m,KCa'b'-m_R,R
551436,Kenyon_Cell,KCa'b'-ap2,KCa'b'-ap2_R,R
551561,Kenyon_Cell,KCab-s,KCab-s_R,R
551700,Kenyon_Cell,KCab-s,KCab-s_L,L
552080,Kenyon_Cell,KCa'b'-ap2,KCa'b'-ap2_R,R
552118,Kenyon_Cell,KCg-m,KCg-m_L,L
552335,Kenyon_Cell,KCab-c,KCab-c_L,L
552362,DAN,PAM12,PAM12(y3)_R,R
552553,Kenyon_Cell,KCab-p,KCab-p_R,R
552693,Kenyon_Cell,KCg-m,KCg-m_R,R
552867,Kenyon_Cell,KCg-m,KCg-m_R,R
553058,Kenyon_Cell,KCab-c,KCab-c_L,L
553201,DAN,PAM09,PAM09(B1ped)_R,R
553483,Kenyon_Cell,KCg-d,KCg-d_L,L
553756,Kenyon_Cell,KCa'b'-ap1,KCa'b'-ap1_R,R
556005,Kenyon_Cell,KCg-d,KCg-d_L,L
556300,MBON,MBON25-like,MBON25-like(y1y2)_R,R
558665,MBON,MBON10,MBON10(B'1)_R,R
561474,Kenyon_Cell,KCa'b'-ap1,KCa'b'-ap1_L,L
562782,MBON,MBON16,MBON16(a'3ap)_R,R
562916,Kenyon_Cell,KCa'b'-ap1,KCa'b'-ap1_R,R
564952,Kenyon_Cell,KCa'b'-m,KCa'b'-m_R,R
566092,Kenyon_Cell,KCg-m,KCg-m_R,R
566095,Kenyon_Cell,KCg-m,KCg-m_R,R
566096,Kenyon_Cell,KCg-m,KCg-m_R,R
567409,DAN,PAM04,PAM04(B2)_R,R
567586,Kenyon_Cell,KCa'b'-m,KCa'b'-m_R,R
567978,Kenyon_Cell,KCg-m,KCg-m_L,L
568673,Kenyon_Cell,KCab-m,KCab-m_L,L
569213,Kenyon_Cell,KCg-m,KCg-m_R,R
569417,Kenyon_Cell,KCab-s,KCab-s_R,R
569775,Kenyon_Cell,KCg-m,KCg-m_R,R
570453,Kenyon_Cell,KCa'b'-ap2,KCa'b'-ap2_L,L
570526,Kenyon_Cell,KCg-m,KCg-m_L,L
570566,Kenyon_Cell,KCab-m,KCab-m_L,L
570938,Kenyon_Cell,KCab-m,KCab-m_R,R
571903,Kenyon_Cell,KCab-p,KCab-p_L,L
575249,Kenyon_Cell,KCa'b'-ap2,KCa'b'-ap2_R,R
575260,Kenyon_Cell,KCab-c,KCab-c_R,R
575369,Kenyon_Cell,KCab-s,KCab-s_L,L
577933,DAN,PAM06,PAM06(B'2m)_L,L
579717,Kenyon_Cell,KCg-m,KCg-m_R,R
579919,MBON,MBON10,MBON10(B'1)_R,R
579941,Kenyon_Cell,KCab-c,KCab-c_L,L
579942,Kenyon_Cell,KCab-m,KCab-m_L,L
580088,Kenyon_Cell,KCab-s,KCab-s_L,L
580215,Kenyon_Cell,KCg-m,KCg-m_L,L
580386,Kenyon_Cell,KCab-m,KCab-m_L,L
580421,Kenyon_Cell,KCa'b'-ap2,KCa'b'-ap2_L,L
580579,DAN,PAM03,PAM03(B2B'2a)_R,R
580598,Kenyon_Cell,KCab-c,KCab-c_L,L
580622,Kenyon_Cell,KCg-m,KCg-m_L,L
580641,Kenyon_Cell,KCg-m,KCg-m_L,L
580809,Kenyon_Cell,KCab-m,KCab-m_L,L
581043,Kenyon_Cell,KCg-m,KCg-m_L,L
581228,Kenyon_Cell,KCab-c,KCab-c_L,L
581328,Kenyon_Cell,KCg-m,KCg-m_L,L
581393,Kenyon_Cell,KCab-m,KCab-m_L,L
583848,Kenyon_Cell,KCg-m,KCg-m_R,R
583851,Kenyon_Cell,KCa'b'-ap2,KCa'b'-ap2_R,R
583883,Kenyon_Cell,KCg-m,KCg-m_R,R
591438,Kenyon_Cell,KCg-m,KCg-m_R,R
901937,Kenyon_Cell,KCab-p,KCab-p_L,L
909818,DAN,PAM03,PAM03(B2B'2a)_R,R
915829,Kenyon_Cell,KCab-m,KCab-m_L,L
915893,Kenyon_Cell,KCab-p,KCab-p_L,L
918516,Kenyon_Cell,KCab-s,KCab-s_R,R
919290,Kenyon_Cell,KCab-c,KCab-c_L,L
920537,DAN,PAM09,PAM09(B1ped)_L,L
923406,Kenyon_Cell,KCab-s,KCab-s_R,R
933708,DAN,PAM14,PAM14(B'1m)_R,R
945591,Kenyon_Cell,KCab-m,KCab-m_L,L
946152,Kenyon_Cell,KCab-s,KCab-s_R,R
953362,Kenyon_Cell,KCab-m,KCab-m_L,L
